file,csv_line,globalid,reason
MasterBactSurvey4_13_26.csv,58,{905b362a-2b45-4301-9eeb-8db19790bcf9},missing_or_negative_target;
MasterBactSurvey4_13_26.csv,84,{ae2112a0-92a5-40cb-a213-d926796953ef},invalid_site_identifier;
MasterBactSurvey4_13_26.csv,162,{ca535ef4-a741-4a76-9a54-5fef785faf9d},invalid_site_identifier;
MasterBactSurvey4_13_26.csv,207,{d3bf6bdf-6a6b-4e2b-b476-6c8c34054246},nonempty_extra_columns;invalid_site_identifier;shifted_or_invalid_metadata;
MasterBactSurvey4_13_26.csv,259,{bb4bf5d6-160e-4682-828d-503c87b30001},nonempty_extra_columns;invalid_site_identifier;shifted_or_invalid_metadata;
MasterBactSurvey4_13_26.csv,301,{05fac007-8b77-419d-8b17-93586d5e3f2f},invalid_site_identifier;
MasterBactSurvey4_13_26.csv,359,{2becfcf7-f20c-417e-bfb0-808635165f46},nonempty_extra_columns;invalid_site_identifier;shifted_or_invalid_metadata;
MasterBactSurvey4_13_26.csv,432,{f57fae27-8013-4cab-8ad6-80ca607df5af},nonempty_extra_columns;invalid_site_identifier;shifted_or_invalid_metadata;
MasterBactSurvey4_13_26.csv,451,{bf17ff0d-67fc-4bbd-a1d8-e4c39de43103},invalid_site_identifier;
MasterBactSurvey4_13_26.csv,476,{a20fefbe-002c-4a78-addc-80449f9edbec},missing_or_negative_target;
MasterBactSurvey4_13_26.csv,479,{807faee9-e273-4455-b019-9d8e26c55247},missing_or_negative_target;
MasterBactSurvey4_13_26.csv,482,{d07dd5c0-07cb-4722-abc4-55b021dceedb},missing_or_negative_target;
MasterBactSurvey4_13_26.csv,493,{a6acaf99-8a1d-4000-a697-0ac22948472b},nonempty_extra_columns;invalid_site_identifier;shifted_or_invalid_metadata;
MasterBactSurvey4_13_26.csv,526,{754f2c0c-3c02-4d1c-8d5c-67ae02c0f146},nonempty_extra_columns;invalid_site_identifier;shifted_or_invalid_metadata;
MasterBactSurvey4_13_26.csv,575,{10f374f3-4e11-4580-a2fb-42f749bbd93b},nonempty_extra_columns;invalid_site_identifier;shifted_or_invalid_metadata;
MasterBactSurvey4_13_26.csv,576,{3aba09dc-605c-4fc8-b6f2-8b3d90b23bc1},nonempty_extra_columns;invalid_site_identifier;shifted_or_invalid_metadata;
MasterBactSurvey4_13_26.csv,583,{567b3399-3719-4f1d-89a5-dd9c25865232},nonempty_extra_columns;invalid_site_identifier;shifted_or_invalid_metadata;
MasterBactSurvey4_13_26.csv,609,{295d2d2d-2ff1-4995-839f-8a233aa8bc33},missing_or_negative_target;
MasterBactSurvey4_13_26.csv,610,{f856261c-2a87-4e98-8c6a-411b57cea905},missing_or_negative_target;
MasterBactSurvey4_13_26.csv,644,{732fb6c2-5a55-4c73-8f7e-4676d7e6309f},missing_or_negative_target;
MasterBactSurvey4_13_26.csv,654,{c76fe44c-5587-4fdc-9b27-1b9fb1751c04},missing_or_negative_target;
MasterBactSurvey4_13_26.csv,657,{416e6ee9-7c60-4db1-9901-ed5cc448ec4e},missing_or_negative_target;
MasterBactSurvey4_13_26.csv,736,{f24aed08-f871-4e2e-a4a8-1e2cf504faf4},missing_or_negative_target;
MasterBactSurvey4_13_26.csv,746,{30f9c51b-12ad-46dd-ae97-cd64a27975b1},missing_or_negative_target;
MasterBactSurvey4_13_26.csv,749,{df6b0bd5-49e3-4e18-9917-31d260664e80},missing_or_negative_target;
MasterBactSurvey4_13_26.csv,751,{38835f26-7dde-4829-9f49-872624206da9},missing_or_negative_target;
MasterBactSurvey4_13_26.csv,755,{fde040c2-3f16-4bbf-86c8-98200946666b},missing_or_negative_target;
MasterBactSurvey4_13_26.csv,757,{55a360a5-1958-4e97-b9de-dadfeac4f3e5},missing_or_negative_target;
MasterBactSurvey4_13_26.csv,831,{ad636488-e3ec-4554-981a-8cce84dca45b},nonempty_extra_columns;invalid_site_identifier;shifted_or_invalid_metadata;
MasterBactSurvey4_13_26.csv,832,{be55a5dc-eafc-4bc8-a1bf-0e0994c54f49},nonempty_extra_columns;invalid_site_identifier;shifted_or_invalid_metadata;
MasterBactSurvey4_13_26.csv,838,{8ab1e8e1-d42f-4e57-ac5c-bde83f56257a},nonempty_extra_columns;invalid_site_identifier;shifted_or_invalid_metadata;
MasterBactSurvey4_13_26.csv,889,{73658e08-d7b2-44ca-836b-a475cd6992d7},nonempty_extra_columns;invalid_site_identifier;shifted_or_invalid_metadata;
MasterBactSurvey4_13_26.csv,912,{9e4e35d5-81ab-4bfc-aad0-f6a81eb041ae},missing_or_negative_target;
MasterBactSurvey4_13_26.csv,914,{1eb4290a-f7dc-4620-b00e-70cefb46df13},missing_or_negative_target;
MasterBactSurvey4_13_26.csv,925,{6b4d009b-4cd7-4a9b-8c1e-f638a99d72ff},missing_or_negative_target;
MasterBactSurvey4_13_26.csv,946,{b2195143-f7ef-44fb-a71c-bf0471a809dc},invalid_site_identifier;
MasterBactSurvey4_13_26.csv,986,{cf597b98-2d1b-4eef-93b8-5800cb2999c3},missing_or_negative_target;
MasterBactSurvey4_13_26.csv,1022,{940b20e6-aaf3-40e1-b9be-4489456e91b6},missing_or_negative_target;
MasterBactSurvey4_13_26.csv,1023,{fc6e7e1f-27ac-4e35-8f8c-e1d10fad355f},missing_or_negative_target;
MasterBactSurvey4_13_26.csv,1030,{71a12830-f0ab-4d2e-8770-5d9ac9f4d9df},missing_or_negative_target;
MasterBactSurvey4_13_26.csv,1031,{4742921a-baad-4744-8ec3-44b7de792f17},missing_or_negative_target;
MasterBactSurvey4_13_26.csv,1034,{39dae28c-cf63-4208-83d0-698e7b4fb5e1},missing_or_negative_target;
MasterBactSurvey4_13_26.csv,1042,{1e4adce8-f4aa-4900-91d4-9e6297889932},missing_or_negative_target;
MasterBactSurvey4_13_26.csv,1057,{ea6140dd-1fb5-4cba-8a2e-86781af72412},invalid_site_identifier;
MasterBactSurvey4_13_26.csv,1120,{e29f884a-d68f-46aa-9a36-a0911f6d00ec},missing_or_negative_target;
MasterBactSurvey4_13_26.csv,1127,{cdc5a37a-388a-4710-9888-013237bf207d},missing_or_negative_target;
MasterBactSurvey4_13_26.csv,1137,{d0be60cb-0c3c-40f2-8635-b2344e53e51c},nonempty_extra_columns;invalid_site_identifier;shifted_or_invalid_metadata;
MasterBactSurvey4_13_26.csv,1151,{b2f44eba-61fd-4f87-9bd6-de72cec0e77b},nonempty_extra_columns;invalid_site_identifier;shifted_or_invalid_metadata;
MasterBactSurvey4_13_26.csv,1205,{c0d6386f-acef-4dd5-b2b3-353205efe10b},nonempty_extra_columns;invalid_site_identifier;shifted_or_invalid_metadata;
MasterBactSurvey4_13_26.csv,1255,{31884066-3bf3-497b-a3ce-de22736d2ddd},nonempty_extra_columns;invalid_site_identifier;shifted_or_invalid_metadata;
MasterBactSurvey4_13_26.csv,1256,{e2ae13b6-a401-427a-878f-92ab9ca9656a},nonempty_extra_columns;invalid_site_identifier;shifted_or_invalid_metadata;
MasterBactSurvey4_13_26.csv,1259,{3e22fb50-2000-477d-8f95-928003b284fd},nonempty_extra_columns;invalid_site_identifier;shifted_or_invalid_metadata;
MasterBactSurvey4_13_26.csv,1501,{d2ba334b-7d55-4cf9-b127-b11fbb510671},nonempty_extra_columns;invalid_site_identifier;shifted_or_invalid_metadata;
MasterBactSurvey4_13_26.csv,1533,{06ca8905-fa4c-433b-925c-f4f32655cc31},invalid_date;missing_or_negative_target;
MasterBactSurvey4_13_26.csv,1579,{e74f85be-09d0-44b6-b1f2-ce8aa3ea13ca},nonempty_extra_columns;invalid_site_identifier;shifted_or_invalid_metadata;
MasterBactSurvey4_13_26.csv,1593,{f9f2ed73-b987-456f-8072-f53e94a594db},nonempty_extra_columns;invalid_site_identifier;shifted_or_invalid_metadata;
MasterBactSurvey4_13_26.csv,1602,{2daf81de-225b-4ff4-95a0-ed4e617afbf1},nonempty_extra_columns;invalid_site_identifier;shifted_or_invalid_metadata;
MasterBactSurvey4_13_26.csv,1728,{7784e725-4237-4c73-90f1-ded08a097ab5},invalid_site_identifier;
MasterBactSurvey4_13_26.csv,1741,{45b142d6-3bce-4c79-afc1-9b76a37b6ee1},invalid_site_identifier;
MasterBactSurvey4_13_26.csv,1755,{5d15f184-99b5-44b2-be1f-7f9f0611449a},nonempty_extra_columns;invalid_site_identifier;shifted_or_invalid_metadata;
MasterBactSurvey4_13_26.csv,1793,{d423a88e-69b5-46c7-a5e2-509dd733c3f9},invalid_site_identifier;
MasterBactSurvey4_13_26.csv,1943,{07105bb3-8da1-4741-b96d-cc8a8f4cc8e4},invalid_site_identifier;
MasterBactSurvey4_13_26.csv,2025,{0964e976-65c4-4612-a961-31e2c595dd25},missing_or_negative_target;
MasterBactSurvey4_13_26.csv,2033,{267779a8-7947-420c-bfda-edad89cc49e0},missing_or_negative_target;
MasterBactSurvey4_13_26.csv,2048,{9a3ccbcf-3df4-477a-82ec-9144cf71745e},invalid_site_identifier;
MasterBactSurvey4_13_26.csv,2063,{3e180816-02a8-4194-bb1b-7a1d285282f1},missing_or_negative_target;
MasterBactSurvey4_13_26.csv,2064,{3e0f156c-7459-482d-affb-108435d2272c},missing_or_negative_target;
MasterBactSurvey4_13_26.csv,2073,{545f625b-12b9-412a-b2a3-78e27d88acac},missing_or_negative_target;
MasterBactSurvey4_13_26.csv,2075,{cf146f0a-e69c-4707-a58a-6c04ce8e01e2},missing_or_negative_target;
MasterBactSurvey4_13_26.csv,2174,{031aea11-f001-414d-a97e-c3017119dab2},nonempty_extra_columns;invalid_site_identifier;shifted_or_invalid_metadata;
MasterBactSurvey4_13_26.csv,2175,{721dd243-f27a-4864-8cc5-4fe36f378220},nonempty_extra_columns;invalid_site_identifier;shifted_or_invalid_metadata;
MasterBactSurvey4_13_26.csv,2302,{015878d9-5fcf-4ae5-bb8d-f3a30629e6c4},nonempty_extra_columns;invalid_site_identifier;shifted_or_invalid_metadata;
MasterChemSurvey4_13_26.csv,2,{2be15bc2-6da6-48d4-b91a-0af8baf84b72},invalid_site_identifier;
MasterChemSurvey4_13_26.csv,68,{10cea312-956a-48f4-8d26-320055369526},nonempty_extra_columns;invalid_site_identifier;shifted_or_invalid_metadata;
MasterChemSurvey4_13_26.csv,70,{60b866de-cefe-442e-8da2-0ea59a362b9b},nonempty_extra_columns;invalid_site_identifier;shifted_or_invalid_metadata;
MasterChemSurvey4_13_26.csv,71,{bfe92372-83f1-43d9-947f-18d9c91d2e9f},nonempty_extra_columns;invalid_site_identifier;shifted_or_invalid_metadata;
MasterChemSurvey4_13_26.csv,99,{cb10115a-dbaa-4230-9bf8-ebd64afb32c2},nonempty_extra_columns;invalid_site_identifier;shifted_or_invalid_metadata;
MasterChemSurvey4_13_26.csv,101,{2210745b-6b65-4d87-9208-5675cf53fcba},nonempty_extra_columns;invalid_site_identifier;shifted_or_invalid_metadata;
MasterChemSurvey4_13_26.csv,103,{3d1dce7d-74f6-406b-909d-74b56f92e26e},nonempty_extra_columns;invalid_site_identifier;shifted_or_invalid_metadata;
MasterChemSurvey4_13_26.csv,104,{364b6022-6719-4230-8b05-edc557f99692},nonempty_extra_columns;invalid_site_identifier;shifted_or_invalid_metadata;
MasterChemSurvey4_13_26.csv,111,{9c09e02a-f977-4eab-83bc-19b795656423},nonempty_extra_columns;invalid_site_identifier;shifted_or_invalid_metadata;
MasterChemSurvey4_13_26.csv,112,{b1b8020d-cc9b-471e-814d-7f72ed914f30},nonempty_extra_columns;invalid_site_identifier;shifted_or_invalid_metadata;
MasterChemSurvey4_13_26.csv,254,{147560bb-5b50-40d3-9687-e8df690e7523},invalid_site_identifier;
MasterChemSurvey4_13_26.csv,411,{76bc5186-1490-46b6-acfc-7a9861cac5d5},nonempty_extra_columns;invalid_site_identifier;shifted_or_invalid_metadata;
MasterChemSurvey4_13_26.csv,578,{13b27ae0-c3aa-4e4a-8045-8e0aa3c79f9c},nonempty_extra_columns;invalid_site_identifier;shifted_or_invalid_metadata;
MasterChemSurvey4_13_26.csv,788,{969ee821-a1ce-4ef0-a23a-4d95dfc4ec17},nonempty_extra_columns;invalid_site_identifier;shifted_or_invalid_metadata;
MasterChemSurvey4_13_26.csv,857,{91d1026c-ba7b-4feb-ae4c-12262d941310},invalid_site_identifier;
MasterChemSurvey4_13_26.csv,944,{cb1e696f-5cb7-4071-b94b-cda65c527f85},nonempty_extra_columns;invalid_site_identifier;shifted_or_invalid_metadata;
MasterChemSurvey4_13_26.csv,960,{2f315248-b059-43f7-9a8d-6ffa323dc0d0},nonempty_extra_columns;invalid_site_identifier;shifted_or_invalid_metadata;
MasterChemSurvey4_13_26.csv,967,{44b14466-8916-4196-bce1-20241cf08a5d},nonempty_extra_columns;invalid_site_identifier;shifted_or_invalid_metadata;
MasterChemSurvey4_13_26.csv,1047,{418ac679-b284-4f9a-89ee-d26a2027e773},nonempty_extra_columns;invalid_site_identifier;shifted_or_invalid_metadata;
MasterChemSurvey4_13_26.csv,1311,{c5b9f34a-87fb-432e-a7c0-36e34e1b7bfa},invalid_site_identifier;
MasterChemSurvey4_13_26.csv,1357,{61d754ee-a640-43ad-8567-9fef52fa81e7},invalid_site_identifier;
MasterChemSurvey4_13_26.csv,1374,{22142083-4740-4787-87f9-c7711f26929a},invalid_site_identifier;
MasterChemSurvey4_13_26.csv,1389,{3c357bc3-5592-4850-bd1a-ad3929dc3c4d},invalid_site_identifier;
MasterChemSurvey4_13_26.csv,1618,{d02cbc0d-89e2-42aa-8e05-77aead8c02db},invalid_site_identifier;
MasterChemSurvey4_13_26.csv,1703,{a35aa930-4fe6-4889-a023-4b4aa99915a9},nonempty_extra_columns;invalid_site_identifier;shifted_or_invalid_metadata;
MasterChemSurvey4_13_26.csv,1773,{80c58da8-ac29-4444-814d-a0e74b8a8672},invalid_site_identifier;
MasterChemSurvey4_13_26.csv,1878,{14825777-5434-4ea4-a57c-8d57f33959e2},nonempty_extra_columns;invalid_site_identifier;shifted_or_invalid_metadata;
MasterChemSurvey4_13_26.csv,1897,{18f419b6-55fb-4eba-981f-459ed8235ce3},nonempty_extra_columns;invalid_site_identifier;shifted_or_invalid_metadata;
MasterChemSurvey4_13_26.csv,1964,{609fafdf-6f8f-4e6d-81b1-601585908e06},invalid_site_identifier;
MasterChemSurvey4_13_26.csv,1981,{7d8684d7-9c42-49f5-8f90-f477442e8ac0},nonempty_extra_columns;invalid_site_identifier;shifted_or_invalid_metadata;
MasterChemSurvey4_13_26.csv,1983,{f7272346-488e-4049-9e6f-1049d7bea4ab},nonempty_extra_columns;invalid_site_identifier;shifted_or_invalid_metadata;
MasterChemSurvey4_13_26.csv,2046,{37bd76ca-50da-486f-b9bf-1570746b220a},nonempty_extra_columns;invalid_site_identifier;shifted_or_invalid_metadata;
MasterChemSurvey4_13_26.csv,2047,{7ff70540-0971-41e8-b7cb-61df0b118f58},nonempty_extra_columns;invalid_site_identifier;shifted_or_invalid_metadata;
MasterChemSurvey4_13_26.csv,2051,{e0db482e-1399-4ea9-b51f-12b6773fa63b},nonempty_extra_columns;invalid_site_identifier;shifted_or_invalid_metadata;
MasterChemSurvey4_13_26.csv,2170,{7b785607-92db-4feb-b697-00c15ad1474c},invalid_site_identifier;
MasterChemSurvey4_13_26.csv,2180,{0926b741-ca50-4e7f-ab8d-c3e786a10b5a},invalid_site_identifier;
MasterChemSurvey4_13_26.csv,2224,{a2e5a2fb-fac6-464e-8587-7318c9296434},sample_after_export_date;
MasterChemSurvey4_13_26.csv,2242,{9c862733-7fc6-4fe4-9341-ac16cc9931a9},invalid_site_identifier;
MasterChemSurvey4_13_26.csv,2271,{c7ddd6ca-87ff-4405-ac1a-bdf125abf278},nonempty_extra_columns;invalid_site_identifier;shifted_or_invalid_metadata;
MasterChemSurvey4_13_26.csv,2347,{cdfbe153-ec2d-4400-93cc-16ba1b737ea7},nonempty_extra_columns;invalid_site_identifier;shifted_or_invalid_metadata;
MasterChemSurvey4_13_26.csv,2363,{30fd0300-b928-4734-941a-1434d7ddeda2},nonempty_extra_columns;invalid_site_identifier;shifted_or_invalid_metadata;
MasterChemSurvey4_13_26.csv,2369,{32dbe4af-f229-4dae-9338-9c278e203266},nonempty_extra_columns;invalid_site_identifier;shifted_or_invalid_metadata;
MasterChemSurvey4_13_26.csv,2450,{55c697c3-c03e-4908-be85-5cb1c3b3c5ed},nonempty_extra_columns;invalid_site_identifier;shifted_or_invalid_metadata;
MasterChemSurvey4_13_26.csv,2513,{c4e4ed13-0479-41f5-adf6-9c5acbf26d45},nonempty_extra_columns;invalid_site_identifier;shifted_or_invalid_metadata;
MasterChemSurvey4_13_26.csv,2643,{5350ccdb-dab9-470c-a3f1-698f9decdc21},nonempty_extra_columns;invalid_site_identifier;shifted_or_invalid_metadata;
MasterChemSurvey4_13_26.csv,2791,{e5875d61-464a-4803-b910-8f4f6ff16080},nonempty_extra_columns;invalid_site_identifier;shifted_or_invalid_metadata;
MasterChemSurvey4_13_26.csv,2792,{f7585284-7a32-4833-a359-cc06ba70cdcd},nonempty_extra_columns;invalid_site_identifier;shifted_or_invalid_metadata;
