source,csv_line,globalid,reason
bacteria,84,{ae2112a0-92a5-40cb-a213-d926796953ef},invalid_site_identifier;
bacteria,162,{ca535ef4-a741-4a76-9a54-5fef785faf9d},invalid_site_identifier;
bacteria,207,{d3bf6bdf-6a6b-4e2b-b476-6c8c34054246},nonempty_extra_columns;invalid_site_identifier;invalid_or_shifted_metadata;
bacteria,259,{bb4bf5d6-160e-4682-828d-503c87b30001},nonempty_extra_columns;invalid_site_identifier;invalid_or_shifted_metadata;
bacteria,301,{05fac007-8b77-419d-8b17-93586d5e3f2f},invalid_site_identifier;
bacteria,359,{2becfcf7-f20c-417e-bfb0-808635165f46},nonempty_extra_columns;invalid_site_identifier;invalid_or_shifted_metadata;
bacteria,432,{f57fae27-8013-4cab-8ad6-80ca607df5af},nonempty_extra_columns;invalid_site_identifier;invalid_or_shifted_metadata;
bacteria,451,{bf17ff0d-67fc-4bbd-a1d8-e4c39de43103},invalid_site_identifier;
bacteria,493,{a6acaf99-8a1d-4000-a697-0ac22948472b},nonempty_extra_columns;invalid_site_identifier;invalid_or_shifted_metadata;
bacteria,526,{754f2c0c-3c02-4d1c-8d5c-67ae02c0f146},nonempty_extra_columns;invalid_site_identifier;invalid_or_shifted_metadata;
bacteria,575,{10f374f3-4e11-4580-a2fb-42f749bbd93b},nonempty_extra_columns;invalid_site_identifier;invalid_or_shifted_metadata;
bacteria,576,{3aba09dc-605c-4fc8-b6f2-8b3d90b23bc1},nonempty_extra_columns;invalid_site_identifier;invalid_or_shifted_metadata;
bacteria,583,{567b3399-3719-4f1d-89a5-dd9c25865232},nonempty_extra_columns;invalid_site_identifier;invalid_or_shifted_metadata;
bacteria,831,{ad636488-e3ec-4554-981a-8cce84dca45b},nonempty_extra_columns;invalid_site_identifier;invalid_or_shifted_metadata;
bacteria,832,{be55a5dc-eafc-4bc8-a1bf-0e0994c54f49},nonempty_extra_columns;invalid_site_identifier;invalid_or_shifted_metadata;
bacteria,838,{8ab1e8e1-d42f-4e57-ac5c-bde83f56257a},nonempty_extra_columns;invalid_site_identifier;invalid_or_shifted_metadata;
bacteria,889,{73658e08-d7b2-44ca-836b-a475cd6992d7},nonempty_extra_columns;invalid_site_identifier;invalid_or_shifted_metadata;
bacteria,946,{b2195143-f7ef-44fb-a71c-bf0471a809dc},invalid_site_identifier;
bacteria,1057,{ea6140dd-1fb5-4cba-8a2e-86781af72412},invalid_site_identifier;
bacteria,1137,{d0be60cb-0c3c-40f2-8635-b2344e53e51c},nonempty_extra_columns;invalid_site_identifier;invalid_or_shifted_metadata;
bacteria,1151,{b2f44eba-61fd-4f87-9bd6-de72cec0e77b},nonempty_extra_columns;invalid_site_identifier;invalid_or_shifted_metadata;
bacteria,1205,{c0d6386f-acef-4dd5-b2b3-353205efe10b},nonempty_extra_columns;invalid_site_identifier;invalid_or_shifted_metadata;
bacteria,1255,{31884066-3bf3-497b-a3ce-de22736d2ddd},nonempty_extra_columns;invalid_site_identifier;invalid_or_shifted_metadata;
bacteria,1256,{e2ae13b6-a401-427a-878f-92ab9ca9656a},nonempty_extra_columns;invalid_site_identifier;invalid_or_shifted_metadata;
bacteria,1259,{3e22fb50-2000-477d-8f95-928003b284fd},nonempty_extra_columns;invalid_site_identifier;invalid_or_shifted_metadata;
bacteria,1501,{d2ba334b-7d55-4cf9-b127-b11fbb510671},nonempty_extra_columns;invalid_site_identifier;invalid_or_shifted_metadata;
bacteria,1533,{06ca8905-fa4c-433b-925c-f4f32655cc31},invalid_date;
bacteria,1579,{e74f85be-09d0-44b6-b1f2-ce8aa3ea13ca},nonempty_extra_columns;invalid_site_identifier;invalid_or_shifted_metadata;
bacteria,1593,{f9f2ed73-b987-456f-8072-f53e94a594db},nonempty_extra_columns;invalid_site_identifier;invalid_or_shifted_metadata;
bacteria,1602,{2daf81de-225b-4ff4-95a0-ed4e617afbf1},nonempty_extra_columns;invalid_site_identifier;invalid_or_shifted_metadata;
bacteria,1728,{7784e725-4237-4c73-90f1-ded08a097ab5},invalid_site_identifier;
bacteria,1741,{45b142d6-3bce-4c79-afc1-9b76a37b6ee1},invalid_site_identifier;
bacteria,1755,{5d15f184-99b5-44b2-be1f-7f9f0611449a},nonempty_extra_columns;invalid_site_identifier;invalid_or_shifted_metadata;
bacteria,1793,{d423a88e-69b5-46c7-a5e2-509dd733c3f9},invalid_site_identifier;
bacteria,1943,{07105bb3-8da1-4741-b96d-cc8a8f4cc8e4},invalid_site_identifier;
bacteria,2048,{9a3ccbcf-3df4-477a-82ec-9144cf71745e},invalid_site_identifier;
bacteria,2174,{031aea11-f001-414d-a97e-c3017119dab2},nonempty_extra_columns;invalid_site_identifier;invalid_or_shifted_metadata;
bacteria,2175,{721dd243-f27a-4864-8cc5-4fe36f378220},nonempty_extra_columns;invalid_site_identifier;invalid_or_shifted_metadata;
bacteria,2302,{015878d9-5fcf-4ae5-bb8d-f3a30629e6c4},nonempty_extra_columns;invalid_site_identifier;invalid_or_shifted_metadata;
chemistry,2,{2be15bc2-6da6-48d4-b91a-0af8baf84b72},invalid_site_identifier;
chemistry,68,{10cea312-956a-48f4-8d26-320055369526},nonempty_extra_columns;invalid_site_identifier;invalid_or_shifted_metadata;
chemistry,70,{60b866de-cefe-442e-8da2-0ea59a362b9b},nonempty_extra_columns;invalid_site_identifier;invalid_or_shifted_metadata;
chemistry,71,{bfe92372-83f1-43d9-947f-18d9c91d2e9f},nonempty_extra_columns;invalid_site_identifier;invalid_or_shifted_metadata;
chemistry,99,{cb10115a-dbaa-4230-9bf8-ebd64afb32c2},nonempty_extra_columns;invalid_site_identifier;invalid_or_shifted_metadata;
chemistry,101,{2210745b-6b65-4d87-9208-5675cf53fcba},nonempty_extra_columns;invalid_site_identifier;invalid_or_shifted_metadata;
chemistry,103,{3d1dce7d-74f6-406b-909d-74b56f92e26e},nonempty_extra_columns;invalid_site_identifier;invalid_or_shifted_metadata;
chemistry,104,{364b6022-6719-4230-8b05-edc557f99692},nonempty_extra_columns;invalid_site_identifier;invalid_or_shifted_metadata;
chemistry,111,{9c09e02a-f977-4eab-83bc-19b795656423},nonempty_extra_columns;invalid_site_identifier;invalid_or_shifted_metadata;
chemistry,112,{b1b8020d-cc9b-471e-814d-7f72ed914f30},nonempty_extra_columns;invalid_site_identifier;invalid_or_shifted_metadata;
chemistry,254,{147560bb-5b50-40d3-9687-e8df690e7523},invalid_site_identifier;
chemistry,411,{76bc5186-1490-46b6-acfc-7a9861cac5d5},nonempty_extra_columns;invalid_site_identifier;invalid_or_shifted_metadata;
chemistry,578,{13b27ae0-c3aa-4e4a-8045-8e0aa3c79f9c},nonempty_extra_columns;invalid_site_identifier;invalid_or_shifted_metadata;
chemistry,788,{969ee821-a1ce-4ef0-a23a-4d95dfc4ec17},nonempty_extra_columns;invalid_site_identifier;invalid_or_shifted_metadata;
chemistry,857,{91d1026c-ba7b-4feb-ae4c-12262d941310},invalid_site_identifier;
chemistry,944,{cb1e696f-5cb7-4071-b94b-cda65c527f85},nonempty_extra_columns;invalid_site_identifier;invalid_or_shifted_metadata;
chemistry,960,{2f315248-b059-43f7-9a8d-6ffa323dc0d0},nonempty_extra_columns;invalid_site_identifier;invalid_or_shifted_metadata;
chemistry,967,{44b14466-8916-4196-bce1-20241cf08a5d},nonempty_extra_columns;invalid_site_identifier;invalid_or_shifted_metadata;
chemistry,1047,{418ac679-b284-4f9a-89ee-d26a2027e773},nonempty_extra_columns;invalid_site_identifier;invalid_or_shifted_metadata;
chemistry,1311,{c5b9f34a-87fb-432e-a7c0-36e34e1b7bfa},invalid_site_identifier;
chemistry,1357,{61d754ee-a640-43ad-8567-9fef52fa81e7},invalid_site_identifier;
chemistry,1374,{22142083-4740-4787-87f9-c7711f26929a},invalid_site_identifier;
chemistry,1389,{3c357bc3-5592-4850-bd1a-ad3929dc3c4d},invalid_site_identifier;
chemistry,1618,{d02cbc0d-89e2-42aa-8e05-77aead8c02db},invalid_site_identifier;
chemistry,1703,{a35aa930-4fe6-4889-a023-4b4aa99915a9},nonempty_extra_columns;invalid_site_identifier;invalid_or_shifted_metadata;
chemistry,1773,{80c58da8-ac29-4444-814d-a0e74b8a8672},invalid_site_identifier;
chemistry,1878,{14825777-5434-4ea4-a57c-8d57f33959e2},nonempty_extra_columns;invalid_site_identifier;invalid_or_shifted_metadata;
chemistry,1897,{18f419b6-55fb-4eba-981f-459ed8235ce3},nonempty_extra_columns;invalid_site_identifier;invalid_or_shifted_metadata;
chemistry,1964,{609fafdf-6f8f-4e6d-81b1-601585908e06},invalid_site_identifier;
chemistry,1981,{7d8684d7-9c42-49f5-8f90-f477442e8ac0},nonempty_extra_columns;invalid_site_identifier;invalid_or_shifted_metadata;
chemistry,1983,{f7272346-488e-4049-9e6f-1049d7bea4ab},nonempty_extra_columns;invalid_site_identifier;invalid_or_shifted_metadata;
chemistry,2046,{37bd76ca-50da-486f-b9bf-1570746b220a},nonempty_extra_columns;invalid_site_identifier;invalid_or_shifted_metadata;
chemistry,2047,{7ff70540-0971-41e8-b7cb-61df0b118f58},nonempty_extra_columns;invalid_site_identifier;invalid_or_shifted_metadata;
chemistry,2051,{e0db482e-1399-4ea9-b51f-12b6773fa63b},nonempty_extra_columns;invalid_site_identifier;invalid_or_shifted_metadata;
chemistry,2170,{7b785607-92db-4feb-b697-00c15ad1474c},invalid_site_identifier;
chemistry,2180,{0926b741-ca50-4e7f-ab8d-c3e786a10b5a},invalid_site_identifier;
chemistry,2224,{a2e5a2fb-fac6-464e-8587-7318c9296434},sample_after_snapshot;
chemistry,2242,{9c862733-7fc6-4fe4-9341-ac16cc9931a9},invalid_site_identifier;
chemistry,2271,{c7ddd6ca-87ff-4405-ac1a-bdf125abf278},nonempty_extra_columns;invalid_site_identifier;invalid_or_shifted_metadata;
chemistry,2347,{cdfbe153-ec2d-4400-93cc-16ba1b737ea7},nonempty_extra_columns;invalid_site_identifier;invalid_or_shifted_metadata;
chemistry,2363,{30fd0300-b928-4734-941a-1434d7ddeda2},nonempty_extra_columns;invalid_site_identifier;invalid_or_shifted_metadata;
chemistry,2369,{32dbe4af-f229-4dae-9338-9c278e203266},nonempty_extra_columns;invalid_site_identifier;invalid_or_shifted_metadata;
chemistry,2450,{55c697c3-c03e-4908-be85-5cb1c3b3c5ed},nonempty_extra_columns;invalid_site_identifier;invalid_or_shifted_metadata;
chemistry,2513,{c4e4ed13-0479-41f5-adf6-9c5acbf26d45},nonempty_extra_columns;invalid_site_identifier;invalid_or_shifted_metadata;
chemistry,2643,{5350ccdb-dab9-470c-a3f1-698f9decdc21},nonempty_extra_columns;invalid_site_identifier;invalid_or_shifted_metadata;
chemistry,2791,{e5875d61-464a-4803-b910-8f4f6ff16080},nonempty_extra_columns;invalid_site_identifier;invalid_or_shifted_metadata;
chemistry,2792,{f7585284-7a32-4833-a359-cc06ba70cdcd},nonempty_extra_columns;invalid_site_identifier;invalid_or_shifted_metadata;
