site,eligible_targets,unavailable_targets,flagged_targets,note
241118180336,9,6,ph;nitrate,Correlated target flags; no combined safety score.
241118181240,9,6,ph;nitrate,Correlated target flags; no combined safety score.
241118181609,9,6,ph;nitrate,Correlated target flags; no combined safety score.
241118181741,9,6,ph;nitrate,Correlated target flags; no combined safety score.
241118181852,0,15,,Correlated target flags; no combined safety score.
241118182046,0,15,,Correlated target flags; no combined safety score.
241118182150,9,6,ph;nitrate,Correlated target flags; no combined safety score.
241118182245,9,6,ph;nitrate,Correlated target flags; no combined safety score.
241118182407,9,6,ph;nitrate,Correlated target flags; no combined safety score.
241118182520,9,6,ph;nitrate;turbidity_reported,Correlated target flags; no combined safety score.
241118182616,9,6,ph;nitrate;turbidity_reported,Correlated target flags; no combined safety score.
241118183206,9,6,ph;nitrate,Correlated target flags; no combined safety score.
241118183308,9,6,ph;nitrate;turbidity_reported,Correlated target flags; no combined safety score.
241118183404,9,6,ph;nitrate,Correlated target flags; no combined safety score.
241118183501,9,6,ph;nitrate;turbidity_reported,Correlated target flags; no combined safety score.
241118183629,9,6,ph;nitrate;turbidity_reported,Correlated target flags; no combined safety score.
251204213047,7,8,ph;nitrate,Correlated target flags; no combined safety score.
251204215153,9,6,ph;nitrate,Correlated target flags; no combined safety score.
251204215814,9,6,ph;nitrate,Correlated target flags; no combined safety score.
251204220155,9,6,ph;nitrate,Correlated target flags; no combined safety score.
251204220610,8,7,ph;nitrate;turbidity_reported,Correlated target flags; no combined safety score.
251221144813,0,15,,Correlated target flags; no combined safety score.
251221145424,0,15,,Correlated target flags; no combined safety score.
251221145617,0,15,,Correlated target flags; no combined safety score.
251221145854,0,15,,Correlated target flags; no combined safety score.
251221150008,0,15,,Correlated target flags; no combined safety score.
251221150125,0,15,,Correlated target flags; no combined safety score.
251221150232,0,15,,Correlated target flags; no combined safety score.
251221150343,0,15,,Correlated target flags; no combined safety score.
251221150501,0,15,,Correlated target flags; no combined safety score.
251221150619,0,15,,Correlated target flags; no combined safety score.
251221150716,0,15,,Correlated target flags; no combined safety score.
251221150808,0,15,,Correlated target flags; no combined safety score.
251221150928,0,15,,Correlated target flags; no combined safety score.
251221151121,0,15,,Correlated target flags; no combined safety score.
251221151218,0,15,,Correlated target flags; no combined safety score.
251221151317,0,15,,Correlated target flags; no combined safety score.
251221151517,0,15,,Correlated target flags; no combined safety score.
251221151617,0,15,,Correlated target flags; no combined safety score.
251221151814,0,15,,Correlated target flags; no combined safety score.
251221151903,0,15,,Correlated target flags; no combined safety score.
251221152037,0,15,,Correlated target flags; no combined safety score.
251221152129,0,15,,Correlated target flags; no combined safety score.
251221152222,0,15,,Correlated target flags; no combined safety score.
251221152323,0,15,,Correlated target flags; no combined safety score.
251221152424,0,15,,Correlated target flags; no combined safety score.
251221152517,0,15,,Correlated target flags; no combined safety score.
251221152605,0,15,,Correlated target flags; no combined safety score.
251221152655,0,15,,Correlated target flags; no combined safety score.
251221152745,0,15,,Correlated target flags; no combined safety score.
251221152839,0,15,,Correlated target flags; no combined safety score.
251221152931,0,15,,Correlated target flags; no combined safety score.
251221153056,0,15,,Correlated target flags; no combined safety score.
251221153156,0,15,,Correlated target flags; no combined safety score.
251221153641,0,15,,Correlated target flags; no combined safety score.
251221153821,0,15,,Correlated target flags; no combined safety score.
251221153909,0,15,,Correlated target flags; no combined safety score.
251221154015,0,15,,Correlated target flags; no combined safety score.
251221154202,0,15,,Correlated target flags; no combined safety score.
251221154334,0,15,,Correlated target flags; no combined safety score.
5303301,0,15,,Correlated target flags; no combined safety score.
5303302,0,15,,Correlated target flags; no combined safety score.
5303303,0,15,,Correlated target flags; no combined safety score.
5303304,0,15,,Correlated target flags; no combined safety score.
5303305,11,4,alkalinity,Correlated target flags; no combined safety score.
5303306,9,6,turbidity_legacy,Correlated target flags; no combined safety score.
5303307,0,15,,Correlated target flags; no combined safety score.
5303308,0,15,,Correlated target flags; no combined safety score.
5303309,0,15,,Correlated target flags; no combined safety score.
5303310,0,15,,Correlated target flags; no combined safety score.
53033100,7,8,water_temperature;dissolved_oxygen;oxygen_saturation;turbidity_legacy;alkalinity,Correlated target flags; no combined safety score.
53033101,9,6,turbidity_legacy;alkalinity;hardness,Correlated target flags; no combined safety score.
53033102,9,6,dissolved_oxygen;oxygen_saturation;ph;turbidity_legacy;hardness,Correlated target flags; no combined safety score.
53033103,9,6,dissolved_oxygen;oxygen_saturation;ph;turbidity_legacy,Correlated target flags; no combined safety score.
53033104,5,10,turbidity_legacy;alkalinity,Correlated target flags; no combined safety score.
53033105,9,6,dissolved_oxygen;oxygen_saturation;hardness,Correlated target flags; no combined safety score.
5303311,0,15,,Correlated target flags; no combined safety score.
5303312,0,15,,Correlated target flags; no combined safety score.
5303313,0,15,,Correlated target flags; no combined safety score.
5303314,0,15,,Correlated target flags; no combined safety score.
5303315,0,15,,Correlated target flags; no combined safety score.
5303316,0,15,,Correlated target flags; no combined safety score.
5303317,0,15,,Correlated target flags; no combined safety score.
5303318,0,15,,Correlated target flags; no combined safety score.
5303319,0,15,,Correlated target flags; no combined safety score.
5303320,9,6,turbidity_legacy,Correlated target flags; no combined safety score.
5303321,10,5,dissolved_oxygen;oxygen_saturation;turbidity_legacy,Correlated target flags; no combined safety score.
5303322,9,6,,Correlated target flags; no combined safety score.
5303323,0,15,,Correlated target flags; no combined safety score.
5303324,0,15,,Correlated target flags; no combined safety score.
5303325,0,15,,Correlated target flags; no combined safety score.
5303327,0,15,,Correlated target flags; no combined safety score.
5303328,0,15,,Correlated target flags; no combined safety score.
5303330,0,15,,Correlated target flags; no combined safety score.
5303331,0,15,,Correlated target flags; no combined safety score.
5303332,0,15,,Correlated target flags; no combined safety score.
5303333,0,15,,Correlated target flags; no combined safety score.
5303334,0,15,,Correlated target flags; no combined safety score.
5303335,0,15,,Correlated target flags; no combined safety score.
5303336,0,15,,Correlated target flags; no combined safety score.
5303337,0,15,,Correlated target flags; no combined safety score.
5303338,0,15,,Correlated target flags; no combined safety score.
5303339,0,15,,Correlated target flags; no combined safety score.
5303340,0,15,,Correlated target flags; no combined safety score.
5303341,0,15,,Correlated target flags; no combined safety score.
5303343,0,15,,Correlated target flags; no combined safety score.
5303344,0,15,,Correlated target flags; no combined safety score.
5303345,0,15,,Correlated target flags; no combined safety score.
5303346,9,6,ph;nitrate;turbidity_legacy;alkalinity;hardness,Correlated target flags; no combined safety score.
5303348,0,15,,Correlated target flags; no combined safety score.
5303349,0,15,,Correlated target flags; no combined safety score.
5303350,0,15,,Correlated target flags; no combined safety score.
5303351,0,15,,Correlated target flags; no combined safety score.
5303352,0,15,,Correlated target flags; no combined safety score.
5303353,0,15,,Correlated target flags; no combined safety score.
5303354,7,8,,Correlated target flags; no combined safety score.
5303355,0,15,,Correlated target flags; no combined safety score.
5303356,0,15,,Correlated target flags; no combined safety score.
5303358,0,15,,Correlated target flags; no combined safety score.
5303359,0,15,,Correlated target flags; no combined safety score.
5303360,10,5,dissolved_oxygen;oxygen_saturation,Correlated target flags; no combined safety score.
5303361,10,5,alkalinity;hardness,Correlated target flags; no combined safety score.
5303363,0,15,,Correlated target flags; no combined safety score.
5303364,0,15,,Correlated target flags; no combined safety score.
5303365,0,15,,Correlated target flags; no combined safety score.
5303366,0,15,,Correlated target flags; no combined safety score.
5303368,0,15,,Correlated target flags; no combined safety score.
5303369,0,15,,Correlated target flags; no combined safety score.
5303371,11,4,nitrate;alkalinity;hardness,Correlated target flags; no combined safety score.
5303372,0,15,,Correlated target flags; no combined safety score.
5303377,0,15,,Correlated target flags; no combined safety score.
5303378,0,15,,Correlated target flags; no combined safety score.
5303379,0,15,,Correlated target flags; no combined safety score.
5303380,0,15,,Correlated target flags; no combined safety score.
5303382,0,15,,Correlated target flags; no combined safety score.
5303383,10,5,,Correlated target flags; no combined safety score.
5303384,10,5,dissolved_oxygen,Correlated target flags; no combined safety score.
5303386,0,15,,Correlated target flags; no combined safety score.
5303387,9,6,dissolved_oxygen;oxygen_saturation;ph;turbidity_legacy,Correlated target flags; no combined safety score.
5303389,0,15,,Correlated target flags; no combined safety score.
5303390,0,15,,Correlated target flags; no combined safety score.
5303391,11,4,turbidity_legacy,Correlated target flags; no combined safety score.
5303392,10,5,,Correlated target flags; no combined safety score.
5303393,11,4,ph;turbidity_legacy;hardness,Correlated target flags; no combined safety score.
5303394,10,5,alkalinity;hardness,Correlated target flags; no combined safety score.
5303395,10,5,alkalinity,Correlated target flags; no combined safety score.
5303396,9,6,turbidity_legacy,Correlated target flags; no combined safety score.
5303397,9,6,turbidity_legacy,Correlated target flags; no combined safety score.
5303398,9,6,ph;hardness,Correlated target flags; no combined safety score.
5306101,11,4,ph;nitrate;alkalinity;hardness,Correlated target flags; no combined safety score.
5306102,0,15,,Correlated target flags; no combined safety score.
5306103,10,5,dissolved_oxygen;oxygen_saturation;ph;turbidity_legacy,Correlated target flags; no combined safety score.
5306105,0,15,,Correlated target flags; no combined safety score.
5306106,0,15,,Correlated target flags; no combined safety score.
5306107,0,15,,Correlated target flags; no combined safety score.
5306108,0,15,,Correlated target flags; no combined safety score.
5306109,0,15,,Correlated target flags; no combined safety score.
5306110,0,15,,Correlated target flags; no combined safety score.
5306111,0,15,,Correlated target flags; no combined safety score.
5306113,0,15,,Correlated target flags; no combined safety score.
5306114,0,15,,Correlated target flags; no combined safety score.
5306121,0,15,,Correlated target flags; no combined safety score.
5306122,0,15,,Correlated target flags; no combined safety score.
5306123,0,15,,Correlated target flags; no combined safety score.
