site,date,issue_date,actual,target_age_days,target,predicted,baseline_predicted,experimental_tail_probability,actual_tail_event,experimental_flag,error,baseline_error,source_error,season,year,history_age,event_group,site_training_status,extreme_group
53033103,2025-01-31,2025-01-24,16.06,43,oxygen_saturation,68.13141701064305,67.07,0.8703087400615863,1,True,52.071417010643046,51.00999999999999,52.071417010643046,winter,2025,36–60 days,historical_tail_event,unseen_in_model_fit,outside_training_5th_95th_percentiles
5303391,2025-03-01,2025-02-22,131.48,21,oxygen_saturation,85.52884500731419,87.93499999999999,0.0961313121398067,0,False,45.9511549926858,43.545,45.9511549926858,spring,2025,10–35 days,ordinary_result,seen_in_model_fit,outside_training_5th_95th_percentiles
53033103,2025-04-29,2025-04-22,11.2,25,oxygen_saturation,54.51689649368484,52.21374999999999,0.8610632806127798,1,True,43.31689649368484,41.01374999999999,43.31689649368484,spring,2025,10–35 days,historical_tail_event,unseen_in_model_fit,outside_training_5th_95th_percentiles
251221150928,2025-08-21,2025-08-14,1.8,66,oxygen_saturation,44.90053380552307,52.0,0.993397103489781,1,True,43.10053380552307,50.2,43.10053380552307,summer,2025,61–120 days,historical_tail_event,seen_in_model_fit,outside_training_5th_95th_percentiles
251221150343,2025-06-16,2025-06-09,4.2,120,oxygen_saturation,44.703973699048746,15.7,0.9542198643268218,1,True,40.50397369904874,11.5,40.50397369904874,summer,2025,61–120 days,historical_tail_event,seen_in_model_fit,outside_training_5th_95th_percentiles
53033103,2025-02-28,2025-02-21,79.15,28,oxygen_saturation,40.53218731296909,46.665,0.8856729335256299,0,True,38.61781268703091,32.48500000000001,38.61781268703091,winter,2025,10–35 days,ordinary_result,unseen_in_model_fit,within_training_5th_95th_percentiles
53033100,2026-03-22,2026-03-15,94.63,92,oxygen_saturation,59.460095284469766,67.63,0.9170137463316818,0,True,35.16990471553023,27.0,35.16990471553023,spring,2026,61–120 days,ordinary_result,unseen_in_model_fit,within_training_5th_95th_percentiles
5303384,2025-07-29,2025-07-22,39.69,71,oxygen_saturation,74.53983082000775,73.50750000000001,0.6011942512009116,1,True,34.84983082000775,33.81750000000001,34.84983082000775,summer,2025,61–120 days,historical_tail_event,seen_in_model_fit,outside_training_5th_95th_percentiles
251221150928,2025-11-23,2025-11-16,64.0,94,oxygen_saturation,29.18337531466036,48.20000000000001,0.8715781497844415,1,True,34.81662468533964,15.79999999999999,34.81662468533964,autumn,2025,61–120 days,historical_tail_event,seen_in_model_fit,within_training_5th_95th_percentiles
5303321,2025-04-18,2025-04-11,32.88,30,oxygen_saturation,67.30574079474391,67.22222222222223,0.8012586920876152,1,True,34.42574079474391,34.342222222222226,34.42574079474391,spring,2025,10–35 days,historical_tail_event,seen_in_model_fit,outside_training_5th_95th_percentiles
251204215814,2026-03-06,2026-02-27,0.0,35,other_coliform,10100.000000000004,10100.000000000004,0.5756408811951301,0,True,9.220389707829185,9.220389707829185,10100.000000000004,spring,2026,10–35 days,ordinary_result,unseen_in_model_fit,outside_training_5th_95th_percentiles
241118183629,2026-01-30,2026-01-23,7666.67,28,other_coliform,0.0,0.0,0.1350839017826178,1,False,8.94476806724572,8.94476806724572,7666.67,winter,2026,10–35 days,historical_tail_event,unseen_in_model_fit,within_training_5th_95th_percentiles
241118183629,2026-01-02,2025-12-26,0.0,91,other_coliform,2500.0000000000005,2500.0000000000005,0.2643478511395768,0,False,7.824445930877619,7.824445930877619,2500.0000000000005,winter,2026,61–120 days,ordinary_result,unseen_in_model_fit,outside_training_5th_95th_percentiles
5303360,2025-01-23,2025-01-16,-1.0,54,water_temperature,6.21444011714818,8.0,0.0064352050808572,0,False,7.21444011714818,9.0,7.21444011714818,winter,2025,36–60 days,ordinary_result,seen_in_model_fit,outside_training_5th_95th_percentiles
53033103,2025-01-31,2025-01-24,2.15,43,dissolved_oxygen,8.676545069408322,7.900000000000001,0.2750061208510208,1,False,6.526545069408321,5.750000000000002,6.526545069408321,winter,2025,36–60 days,historical_tail_event,unseen_in_model_fit,outside_training_5th_95th_percentiles
53033101,2025-02-11,2025-02-04,0.5,33,water_temperature,6.742449561033903,6.75,0.0004552469135802,0,False,6.242449561033903,6.25,6.242449561033903,winter,2025,10–35 days,ordinary_result,seen_in_model_fit,outside_training_5th_95th_percentiles
5303361,2025-01-23,2025-01-16,0.0,53,water_temperature,6.109146676210911,8.125,0.0096359397365708,0,False,6.109146676210911,8.125,6.109146676210911,winter,2025,36–60 days,ordinary_result,seen_in_model_fit,outside_training_5th_95th_percentiles
5303335,2025-01-26,2025-01-19,0.0,29,water_temperature,5.839531202069884,9.666666666666666,0.017392108938626,0,False,5.839531202069884,9.666666666666666,5.839531202069884,winter,2025,10–35 days,ordinary_result,seen_in_model_fit,outside_training_5th_95th_percentiles
5303318,2025-11-08,2025-11-01,0.0,28,ecoli,218.3529014857668,148.59647133981824,0.2323600973236009,0,False,5.390681855178109,5.007941477961512,218.3529014857668,autumn,2025,10–35 days,ordinary_result,seen_in_model_fit,within_training_5th_95th_percentiles
53033101,2025-07-25,2025-07-18,0.0,35,ecoli,208.90808814345797,316.2275681588851,0.2323600973236009,0,False,5.3466697594022445,5.759619396951635,208.90808814345797,summer,2025,10–35 days,ordinary_result,unseen_in_model_fit,within_training_5th_95th_percentiles
5303397,2025-06-29,2025-06-22,0.3,14,conductivity,263.64595715034187,284.79971969145447,0.1805929919137466,1,False,5.316028657507247,5.392927020242121,263.34595715034186,summer,2025,10–35 days,historical_tail_event,unseen_in_model_fit,outside_training_5th_95th_percentiles
5303360,2026-01-20,2026-01-13,1.0,57,water_temperature,6.26309185458383,6.2,0.0030756258234519,0,False,5.26309185458383,5.2,5.26309185458383,winter,2026,36–60 days,ordinary_result,seen_in_model_fit,outside_training_5th_95th_percentiles
5303384,2025-01-24,2025-01-17,1.0,55,water_temperature,6.22364262623356,13.0,0.0118605466964719,0,False,5.22364262623356,12.0,5.22364262623356,winter,2025,36–60 days,ordinary_result,seen_in_model_fit,outside_training_5th_95th_percentiles
241118181609,2025-10-07,2025-09-30,0.0,24,ecoli,170.35408407891578,166.66999999999993,0.2323600973236009,0,False,5.143732082754497,5.121997761949716,170.35408407891578,autumn,2025,10–35 days,ordinary_result,unseen_in_model_fit,within_training_5th_95th_percentiles
5303383,2025-01-23,2025-01-16,1.0,54,water_temperature,6.121138033972,12.0,0.0045163906142167,0,False,5.121138033972,11.0,5.121138033972,winter,2025,36–60 days,ordinary_result,seen_in_model_fit,outside_training_5th_95th_percentiles
5303391,2025-03-01,2025-02-22,15.6,21,dissolved_oxygen,10.659066869771038,9.835,0.0204450617350182,0,False,4.940933130228961,5.764999999999999,4.940933130228961,spring,2025,10–35 days,ordinary_result,seen_in_model_fit,outside_training_5th_95th_percentiles
53033100,2026-03-22,2026-03-15,15.0,92,water_temperature,10.087732619732892,10.05,0.0142194065787716,1,False,4.912267380267108,4.949999999999999,4.912267380267108,spring,2026,61–120 days,historical_tail_event,unseen_in_model_fit,within_training_5th_95th_percentiles
251221150928,2025-08-21,2025-08-14,0.12,66,dissolved_oxygen,5.021328603122292,6.02,0.9915653547232496,1,True,4.901328603122292,5.8999999999999995,4.901328603122292,summer,2025,61–120 days,historical_tail_event,seen_in_model_fit,outside_training_5th_95th_percentiles
53033101,2025-05-09,2025-05-02,0.0,30,alkalinity,131.6663422692881,115.0,0.7170495145374322,1,True,4.887837271406967,4.7535901911063645,131.6663422692881,spring,2025,10–35 days,historical_tail_event,seen_in_model_fit,outside_training_5th_95th_percentiles
5303309,2025-01-11,2025-01-04,0.0,90,ecoli,127.23445086130025,27.067066853915556,0.2323600973236009,0,False,4.853860235853052,3.334596890931569,127.23445086130025,winter,2025,61–120 days,ordinary_result,seen_in_model_fit,within_training_5th_95th_percentiles
241118183206,2025-05-02,2025-04-25,0.0,28,ecoli,122.8943839604332,133.32999999999996,0.2323600973236009,0,False,4.81942946041193,4.900299459074922,122.8943839604332,spring,2025,10–35 days,ordinary_result,unseen_in_model_fit,within_training_5th_95th_percentiles
5303360,2025-10-14,2025-10-07,6.0,14,water_temperature,10.67278666073354,8.875,0.0439140867962031,0,False,4.672786660733539,2.875,4.672786660733539,autumn,2025,10–35 days,ordinary_result,seen_in_model_fit,within_training_5th_95th_percentiles
53033100,2026-03-22,2026-03-15,0.0,92,hardness,105.41642139936737,103.63981801121452,0.4375645094139444,1,True,4.667359901459117,4.6505241485179125,105.41642139936737,spring,2026,61–120 days,historical_tail_event,unseen_in_model_fit,outside_training_5th_95th_percentiles
5303320,2026-02-01,2026-01-25,900.0,27,ecoli,7.531448136877012,7.345062275336162,0.2323600973236009,1,False,4.659746140657396,4.681835237929675,892.468551863123,winter,2026,10–35 days,historical_tail_event,seen_in_model_fit,within_training_5th_95th_percentiles
5303305,2025-05-27,2025-05-20,17.5,42,water_temperature,12.905361071544776,12.461538461538462,0.2005177807650055,1,False,4.594638928455224,5.038461538461538,4.594638928455224,spring,2025,36–60 days,historical_tail_event,seen_in_model_fit,within_training_5th_95th_percentiles
53033103,2025-04-29,2025-04-22,1.1,25,dissolved_oxygen,5.681691417742603,5.93125,0.9289456624363864,1,True,4.5816914177426025,4.831250000000001,4.5816914177426025,spring,2025,10–35 days,historical_tail_event,unseen_in_model_fit,outside_training_5th_95th_percentiles
241118181240,2026-01-31,2026-01-24,400.0,28,ecoli,3.2483721156458607,1.0283120029293755,0.2323600973236009,1,False,4.547425549358328,5.286757505812649,396.75162788435415,winter,2026,10–35 days,historical_tail_event,unseen_in_model_fit,within_training_5th_95th_percentiles
53033103,2025-02-28,2025-02-21,9.1,28,dissolved_oxygen,4.58269138163936,5.575,0.8009689978991862,0,True,4.51730861836064,3.5249999999999995,4.51730861836064,winter,2025,10–35 days,ordinary_result,unseen_in_model_fit,within_training_5th_95th_percentiles
241118183629,2026-01-30,2026-01-23,1300.0,28,ecoli,13.6100212034247,73.12578505165624,0.2323600973236009,1,False,4.489180801455625,2.8651250303345943,1286.3899787965754,winter,2026,10–35 days,historical_tail_event,unseen_in_model_fit,outside_training_5th_95th_percentiles
241118182616,2026-01-30,2026-01-23,1366.67,28,ecoli,14.35958689392276,138.17611519357723,0.2323600973236009,1,False,4.489124008581202,2.2851236940874724,1352.3104131060772,winter,2026,10–35 days,historical_tail_event,unseen_in_model_fit,outside_training_5th_95th_percentiles
5303396,2026-01-11,2026-01-04,1011.11,42,ecoli,10.519257422842044,2.0034234905041965,0.2323600973236009,1,False,4.475772346225257,5.820039738055262,1000.5907425771579,winter,2026,36–60 days,historical_tail_event,seen_in_model_fit,within_training_5th_95th_percentiles
251221150343,2025-06-16,2025-06-09,0.42,120,dissolved_oxygen,4.630560598697238,1.5599999999999998,0.9476743151348838,1,True,4.210560598697238,1.14,4.210560598697238,summer,2025,61–120 days,historical_tail_event,seen_in_model_fit,outside_training_5th_95th_percentiles
53033100,2025-12-20,2025-12-13,600.0,65,turbidity_legacy,10.000000000000002,10.000000000000002,0.5995846068049672,1,True,4.000699661736837,4.000699661736837,590.0,winter,2025,61–120 days,historical_tail_event,unseen_in_model_fit,outside_training_5th_95th_percentiles
5303321,2025-04-18,2025-04-11,3.75,30,dissolved_oxygen,7.673881467052279,7.700000000000001,0.7980637763100489,1,True,3.9238814670522792,3.950000000000001,3.9238814670522792,spring,2025,10–35 days,historical_tail_event,seen_in_model_fit,outside_training_5th_95th_percentiles
5303318,2025-01-12,2025-01-05,233.33,29,other_coliform,10866.670000000002,10866.670000000002,0.7346748817017572,0,True,3.836817227422446,3.836817227422446,10633.340000000002,winter,2025,10–35 days,ordinary_result,seen_in_model_fit,within_training_5th_95th_percentiles
5303309,2025-01-11,2025-01-04,200.0,90,other_coliform,8900.000000000002,8900.000000000002,0.6492612021633104,0,True,3.790614000899856,3.790614000899856,8700.000000000002,winter,2025,61–120 days,ordinary_result,seen_in_model_fit,within_training_5th_95th_percentiles
241118182616,2026-03-06,2026-02-27,100.0,35,other_coliform,3733.33,3733.33,0.3557381074623361,0,False,3.610203180430907,3.610203180430907,3633.33,spring,2026,10–35 days,ordinary_result,unseen_in_model_fit,within_training_5th_95th_percentiles
241118183206,2026-02-28,2026-02-21,213.3,33,turbidity_reported,5.24,5.24,0.0967048163262113,1,False,3.536396720098195,3.536396720098195,208.06,winter,2026,10–35 days,historical_tail_event,unseen_in_model_fit,outside_training_5th_95th_percentiles
241118183404,2026-01-02,2025-12-26,133.33,91,other_coliform,4299.999999999997,4299.999999999997,0.4925629416198087,0,False,3.466303373708814,3.466303373708814,4166.669999999997,winter,2026,61–120 days,ordinary_result,unseen_in_model_fit,within_training_5th_95th_percentiles
251221150008,2025-02-16,2025-02-09,9.53,113,dissolved_oxygen,6.138883848294487,5.4275,0.8842246128433303,0,True,3.3911161517055124,4.102499999999999,3.3911161517055124,winter,2025,61–120 days,ordinary_result,seen_in_model_fit,within_training_5th_95th_percentiles
251221150928,2025-11-23,2025-11-16,7.03,94,dissolved_oxygen,3.6647456007333297,5.22,0.8171212273995283,1,True,3.3652543992666706,1.8100000000000005,3.3652543992666706,autumn,2025,61–120 days,historical_tail_event,seen_in_model_fit,within_training_5th_95th_percentiles
251221150343,2025-02-16,2025-02-09,7.1,113,dissolved_oxygen,3.735642470314987,4.72,0.9759711851125444,1,True,3.364357529685013,2.38,3.364357529685013,winter,2025,61–120 days,historical_tail_event,seen_in_model_fit,within_training_5th_95th_percentiles
241118183629,2025-04-04,2025-03-28,0.0,35,turbidity_reported,26.629999999999995,26.629999999999995,0.389379369867544,0,True,3.318902138935325,3.318902138935325,26.629999999999995,spring,2025,10–35 days,ordinary_result,unseen_in_model_fit,outside_training_5th_95th_percentiles
251204213047,2026-02-28,2026-02-21,140.2,57,turbidity_reported,4.654423047491228,4.654423047491228,0.1585197664492086,1,False,3.217739245896473,3.217739245896473,135.54557695250875,winter,2026,36–60 days,historical_tail_event,unseen_in_model_fit,outside_training_5th_95th_percentiles
5303391,2025-01-04,2024-12-28,5516.0,27,conductivity,224.2446396649917,287.4649025444864,0.1805929919137466,1,False,3.19840241433688,2.9510160896832938,5291.755360335008,winter,2025,10–35 days,historical_tail_event,unseen_in_model_fit,outside_training_5th_95th_percentiles
5303391,2026-03-14,2026-03-07,3550.0,16,other_coliform,144.43999999999997,144.43999999999997,0.0324423345626814,1,False,3.1952209025139187,3.1952209025139187,3405.56,spring,2026,10–35 days,historical_tail_event,seen_in_model_fit,within_training_5th_95th_percentiles
241118183308,2026-01-02,2025-12-26,200.0,91,other_coliform,4800.000000000003,4800.000000000003,0.492238830716252,0,False,3.1732746004718653,3.1732746004718653,4600.000000000003,winter,2026,61–120 days,ordinary_result,unseen_in_model_fit,within_training_5th_95th_percentiles
5303306,2025-12-06,2025-11-29,65.0,34,turbidity_legacy,2.0000000000000004,2.0000000000000004,0.140842457527255,1,False,3.091042453358315,3.091042453358315,63.0,winter,2025,10–35 days,historical_tail_event,seen_in_model_fit,outside_training_5th_95th_percentiles
53033100,2025-01-29,2025-01-22,65.0,64,turbidity_legacy,2.0000000000000004,2.0000000000000004,0.1087256568581122,1,False,3.091042453358315,3.091042453358315,63.0,winter,2025,61–120 days,historical_tail_event,unseen_in_model_fit,outside_training_5th_95th_percentiles
241118182245,2026-01-04,2025-12-28,33.33,93,other_coliform,700.0,700.0,0.1310108329961896,0,False,3.0164882795649897,3.0164882795649897,666.67,winter,2026,61–120 days,ordinary_result,unseen_in_model_fit,outside_training_5th_95th_percentiles
5303391,2026-03-14,2026-03-07,60.0,16,turbidity_legacy,2.0000000000000004,2.0000000000000004,0.1563082284246813,1,True,3.0122615755052013,3.0122615755052013,58.0,spring,2026,10–35 days,historical_tail_event,seen_in_model_fit,outside_training_5th_95th_percentiles
5303397,2026-02-07,2026-01-31,55.0,14,turbidity_legacy,2.0000000000000004,2.0000000000000004,0.1883055810005099,1,True,2.9267394020670396,2.9267394020670396,53.0,winter,2026,10–35 days,historical_tail_event,seen_in_model_fit,outside_training_5th_95th_percentiles
5303320,2025-12-06,2025-11-29,55.0,34,turbidity_legacy,2.0000000000000004,2.0000000000000004,0.3790376603492163,1,True,2.9267394020670396,2.9267394020670396,53.0,winter,2025,10–35 days,historical_tail_event,seen_in_model_fit,outside_training_5th_95th_percentiles
53033105,2025-03-22,2025-03-15,11.4,28,conductivity,187.50601067366117,159.80111939908883,0.1805929919137466,1,False,2.721433420631623,2.5624718455467637,176.10601067366116,spring,2025,10–35 days,historical_tail_event,unseen_in_model_fit,outside_training_5th_95th_percentiles
241118182520,2026-02-19,2026-02-12,22.98,46,turbidity_reported,0.5900749387963481,0.5900749387963481,0.1368007605853848,1,False,2.713439003159416,2.713439003159416,22.389925061203652,winter,2026,36–60 days,historical_tail_event,unseen_in_model_fit,within_training_5th_95th_percentiles
53033100,2025-12-20,2025-12-13,1400.0,65,hardness,95.10545612970462,100.00000000000004,0.335195968331986,1,True,2.6794954564291977,2.629821029495747,1304.8945438702954,winter,2025,61–120 days,historical_tail_event,unseen_in_model_fit,outside_training_5th_95th_percentiles
53033105,2026-01-27,2026-01-20,11.0,42,conductivity,168.10283143409302,154.12195975450314,0.1805929919137466,1,False,2.645600350116465,2.559304994863026,157.10283143409302,winter,2026,36–60 days,historical_tail_event,unseen_in_model_fit,outside_training_5th_95th_percentiles
53033105,2025-10-22,2025-10-15,1360.0,35,alkalinity,95.71527562590764,89.44888059008804,0.2620716390236415,1,True,2.6442036434239116,2.7111901668946166,1264.2847243740923,autumn,2025,10–35 days,historical_tail_event,unseen_in_model_fit,outside_training_5th_95th_percentiles
241118183308,2026-01-30,2026-01-23,217.1,28,turbidity_reported,14.799462016454449,14.799462016454449,0.1565239509652111,1,False,2.6249777833458534,2.6249777833458534,202.30053798354555,winter,2026,10–35 days,historical_tail_event,unseen_in_model_fit,outside_training_5th_95th_percentiles
5303321,2025-08-25,2025-08-18,40.0,32,turbidity_legacy,2.0000000000000004,2.0000000000000004,0.1965673622661057,1,True,2.614959778036198,2.614959778036198,38.0,summer,2025,10–35 days,historical_tail_event,seen_in_model_fit,outside_training_5th_95th_percentiles
5303393,2025-02-17,2025-02-10,40.0,18,turbidity_legacy,2.0000000000000004,2.0000000000000004,0.5551944273789395,1,True,2.614959778036198,2.614959778036198,38.0,winter,2025,10–35 days,historical_tail_event,seen_in_model_fit,outside_training_5th_95th_percentiles
5303393,2025-01-17,2025-01-10,35.0,14,turbidity_legacy,2.0000000000000004,2.0000000000000004,0.3768012698977835,1,True,2.484906649788,2.484906649788,33.0,winter,2025,10–35 days,historical_tail_event,seen_in_model_fit,outside_training_5th_95th_percentiles
5303361,2025-01-23,2025-01-16,585.0,53,alkalinity,49.48958308883414,55.84428840005271,0.4025136634366128,1,True,2.4515527500420395,2.3330040423247542,535.5104169111659,winter,2025,36–60 days,historical_tail_event,seen_in_model_fit,outside_training_5th_95th_percentiles
53033105,2025-10-22,2025-10-15,15.3,35,conductivity,184.39416669122605,110.99999999999996,0.1805929919137466,1,False,2.4313190814541854,1.9273337634823773,169.09416669122604,autumn,2025,10–35 days,historical_tail_event,unseen_in_model_fit,outside_training_5th_95th_percentiles
5303396,2025-01-12,2025-01-05,10.0,28,turbidity_legacy,0.0,0.0,0.096026754522614,1,False,2.3978952727983707,2.3978952727983707,10.0,winter,2025,10–35 days,historical_tail_event,seen_in_model_fit,within_training_5th_95th_percentiles
251221150343,2025-06-16,2025-06-09,169.0,120,turbidity_reported,14.715028069621845,14.715028069621845,0.436230027246661,1,True,2.381180980634853,2.381180980634853,154.28497193037816,summer,2025,61–120 days,historical_tail_event,seen_in_model_fit,outside_training_5th_95th_percentiles
53033100,2025-12-20,2025-12-13,700.0,65,alkalinity,65.92951643518155,178.2651667223724,0.3132679884661335,1,True,2.3488678148819275,1.3636417990150314,634.0704835648185,winter,2025,61–120 days,historical_tail_event,unseen_in_model_fit,outside_training_5th_95th_percentiles
241118182616,2026-01-30,2026-01-23,114.65,119,turbidity_reported,10.174826332900844,10.174826332900844,0.2107867088712293,1,True,2.336904788978587,2.336904788978587,104.47517366709916,winter,2026,61–120 days,historical_tail_event,unseen_in_model_fit,outside_training_5th_95th_percentiles
53033103,2025-04-29,2025-04-22,690.0,25,hardness,66.00006695623667,56.73687058306726,0.1854636490657603,1,True,2.3334462050303877,2.4822438494244734,623.9999330437633,spring,2025,10–35 days,historical_tail_event,unseen_in_model_fit,outside_training_5th_95th_percentiles
53033105,2025-08-19,2025-08-12,18.8,35,conductivity,194.7135147942416,116.00000000000004,0.1805929919137466,1,False,2.290969993051085,1.7764919970972666,175.9135147942416,summer,2025,10–35 days,historical_tail_event,unseen_in_model_fit,outside_training_5th_95th_percentiles
53033105,2025-09-17,2025-09-10,18.3,29,conductivity,186.4098342138716,113.47270417003352,0.1805929919137466,1,False,2.273192749645056,1.780231307135586,168.10983421387158,autumn,2025,10–35 days,historical_tail_event,unseen_in_model_fit,outside_training_5th_95th_percentiles
241118183206,2025-04-04,2025-03-28,3.9,35,turbidity_reported,46.10000000000001,46.10000000000001,0.1057223785180507,0,False,2.2630377959057912,2.2630377959057912,42.20000000000001,spring,2025,10–35 days,ordinary_result,unseen_in_model_fit,within_training_5th_95th_percentiles
251221144813,2025-02-16,2025-02-09,44.2,113,turbidity_reported,3.785963063447308,3.785963063447308,0.3507093227382808,1,True,2.245409815006669,2.245409815006669,40.4140369365527,winter,2025,61–120 days,historical_tail_event,seen_in_model_fit,outside_training_5th_95th_percentiles
5303392,2026-01-04,2025-12-28,80.0,44,turbidity_reported,8.000000000000002,8.000000000000002,0.0338672507963649,1,False,2.1972245773362196,2.1972245773362196,72.0,winter,2026,36–60 days,historical_tail_event,unseen_in_model_fit,outside_training_5th_95th_percentiles
53033105,2025-04-15,2025-04-08,14.5,24,conductivity,138.25353727485975,116.00000000000004,0.1805929919137466,1,False,2.1954562568924834,2.0213339108725554,123.75353727485975,spring,2025,10–35 days,historical_tail_event,unseen_in_model_fit,outside_training_5th_95th_percentiles
5303397,2025-03-09,2025-03-02,30.8,17,conductivity,237.93778426767184,299.99999999999966,0.1805929919137466,1,False,2.0167369113853955,2.2476439749627435,207.13778426767183,spring,2025,10–35 days,historical_tail_event,unseen_in_model_fit,outside_training_5th_95th_percentiles
5303397,2025-11-15,2025-11-08,29.9,55,conductivity,224.2717948347224,283.99999999999983,0.1805929919137466,1,False,1.9865514663266945,2.2217329963649504,194.3717948347224,autumn,2025,36–60 days,historical_tail_event,unseen_in_model_fit,outside_training_5th_95th_percentiles
5303398,2025-10-19,2025-10-12,580.0,11,hardness,92.67267813787264,101.55531592050856,0.1693202845201163,1,True,1.824944198837792,1.734348436324436,487.32732186212735,autumn,2025,10–35 days,historical_tail_event,seen_in_model_fit,outside_training_5th_95th_percentiles
53033104,2025-04-01,2025-03-25,540.0,30,alkalinity,89.8875806233983,70.0,0.1333927796191526,1,False,1.7837959138026394,2.0307394018051657,450.1124193766017,spring,2025,10–35 days,historical_tail_event,unseen_in_model_fit,outside_training_5th_95th_percentiles
53033102,2025-04-29,2025-04-22,450.0,25,hardness,79.21649662687648,70.0,0.1793998691173042,1,True,1.7267381521802871,1.8487874624613632,370.7835033731235,spring,2025,10–35 days,historical_tail_event,unseen_in_model_fit,outside_training_5th_95th_percentiles
53033105,2025-08-19,2025-08-12,400.0,35,hardness,84.96899906431196,80.00000000000003,0.243513420437353,1,True,1.5399746720365242,1.5995122726341302,315.03100093568804,summer,2025,10–35 days,historical_tail_event,unseen_in_model_fit,outside_training_5th_95th_percentiles
53033100,2025-05-04,2025-04-27,580.0,18,alkalinity,126.76531411990184,92.89355675444396,0.5129681863140105,1,True,1.514555659258666,1.8225889911555635,453.23468588009814,spring,2025,10–35 days,historical_tail_event,unseen_in_model_fit,outside_training_5th_95th_percentiles
241118182150,2025-10-03,2025-09-26,8.21,20,ph,6.7,6.7,0.3602764166915004,1,True,1.5100000000000007,1.5100000000000007,1.5100000000000007,autumn,2025,10–35 days,historical_tail_event,unseen_in_model_fit,outside_training_5th_95th_percentiles
241118181741,2026-01-03,2025-12-27,6.13,92,ph,7.63,7.63,0.1456753139792084,1,True,1.5,1.5,1.5,winter,2026,61–120 days,historical_tail_event,unseen_in_model_fit,outside_training_5th_95th_percentiles
241118183404,2025-10-03,2025-09-26,8.17,20,ph,6.74,6.74,0.3590473417667734,1,True,1.4299999999999997,1.4299999999999997,1.4299999999999997,autumn,2025,10–35 days,historical_tail_event,unseen_in_model_fit,outside_training_5th_95th_percentiles
241118182150,2025-09-13,2025-09-06,6.7,42,ph,8.0,8.0,0.1451076060292163,1,True,1.2999999999999998,1.2999999999999998,1.2999999999999998,autumn,2025,36–60 days,historical_tail_event,unseen_in_model_fit,outside_training_5th_95th_percentiles
5303394,2025-11-28,2025-11-21,360.0,47,alkalinity,98.36984258202042,104.57202980211686,0.3945867821820609,1,True,1.290029285250867,1.229484491442923,261.6301574179796,autumn,2025,36–60 days,historical_tail_event,seen_in_model_fit,outside_training_5th_95th_percentiles
241118181741,2026-03-07,2026-02-28,7.77,35,ph,6.5,6.5,0.4412899439696178,0,True,1.2699999999999996,1.2699999999999996,1.2699999999999996,spring,2026,10–35 days,ordinary_result,unseen_in_model_fit,within_training_5th_95th_percentiles
5303398,2025-11-16,2025-11-09,285.0,28,alkalinity,79.4033465585421,126.06230953487386,0.1458713403118004,1,False,1.2689360116387167,0.8113142184201223,205.5966534414579,autumn,2025,10–35 days,historical_tail_event,seen_in_model_fit,outside_training_5th_95th_percentiles
53033101,2025-11-14,2025-11-07,30.0,35,hardness,103.53596176247416,92.23103323696492,0.4827715931506558,1,True,1.2155439394183052,1.101093436428191,73.53596176247416,autumn,2025,10–35 days,historical_tail_event,seen_in_model_fit,outside_training_5th_95th_percentiles
53033100,2025-05-04,2025-04-27,270.0,18,hardness,79.71913889404465,69.29224708315991,0.154542144602786,1,True,1.211143112705364,1.3494573114568258,190.28086110595535,spring,2025,10–35 days,historical_tail_event,unseen_in_model_fit,outside_training_5th_95th_percentiles
5303394,2025-10-03,2025-09-26,345.0,19,alkalinity,102.0800302761573,108.56598351856672,0.1922073120632933,1,True,1.210933095558457,1.1499118180744894,242.9199697238427,autumn,2025,10–35 days,historical_tail_event,seen_in_model_fit,outside_training_5th_95th_percentiles
53033100,2025-08-13,2025-08-06,450.0,30,alkalinity,135.15319429353602,155.0,0.7175402692142399,1,True,1.1976866590823958,1.0616113322531415,314.846805706464,summer,2025,10–35 days,historical_tail_event,unseen_in_model_fit,outside_training_5th_95th_percentiles
241118183308,2025-10-03,2025-09-26,7.92,20,ph,6.73,6.73,0.3557574239551164,0,True,1.1899999999999995,1.1899999999999995,1.1899999999999995,autumn,2025,10–35 days,ordinary_result,unseen_in_model_fit,within_training_5th_95th_percentiles
241118183404,2025-09-13,2025-09-06,6.74,42,ph,7.9,7.9,0.15113065771425,1,True,1.1600000000000001,1.1600000000000001,1.1600000000000001,autumn,2025,36–60 days,historical_tail_event,unseen_in_model_fit,outside_training_5th_95th_percentiles
251204213047,2026-02-28,2026-02-21,7.0,57,ph,8.14,8.14,0.3032069793760543,0,True,1.1400000000000006,1.1400000000000006,1.1400000000000006,winter,2026,36–60 days,ordinary_result,unseen_in_model_fit,within_training_5th_95th_percentiles
5303346,2025-08-27,2025-08-20,8.14,24,ph,7.0,7.0,0.0340515530079984,1,False,1.1400000000000006,1.1400000000000006,1.1400000000000006,summer,2025,10–35 days,historical_tail_event,seen_in_model_fit,outside_training_5th_95th_percentiles
241118183629,2026-01-30,2026-01-23,6.21,119,ph,7.33,7.33,0.1919962033166783,1,True,1.12,1.12,1.12,winter,2026,61–120 days,historical_tail_event,unseen_in_model_fit,outside_training_5th_95th_percentiles
53033100,2025-06-07,2025-05-31,275.0,34,hardness,90.7473087310972,80.00000000000003,0.5670549268220959,1,True,1.1013627118437732,1.2259517110447105,184.2526912689028,summer,2025,10–35 days,historical_tail_event,unseen_in_model_fit,outside_training_5th_95th_percentiles
241118182616,2026-01-30,2026-01-23,6.8,119,nitrate,1.7,1.7,0.4104977040751993,1,True,1.060871960685263,1.060871960685263,5.1,winter,2026,61–120 days,historical_tail_event,unseen_in_model_fit,outside_training_5th_95th_percentiles
5303322,2026-01-17,2026-01-10,20.0,117,hardness,57.29123576373453,59.72366525011713,0.1422597637060283,1,True,1.0209293143792482,1.0618110566863916,37.29123576373453,winter,2026,61–120 days,historical_tail_event,seen_in_model_fit,outside_training_5th_95th_percentiles
241118182407,2026-01-04,2025-12-28,0.1,93,nitrate,1.5,1.5,0.4584491520925576,0,True,0.8209805520698302,0.8209805520698302,1.4,winter,2026,61–120 days,ordinary_result,unseen_in_model_fit,outside_training_5th_95th_percentiles
241118182245,2026-01-04,2025-12-28,0.2,92,nitrate,1.6,1.6,0.472016199965956,0,True,0.7731898882334817,0.7731898882334817,1.4000000000000001,winter,2026,61–120 days,ordinary_result,unseen_in_model_fit,outside_training_5th_95th_percentiles
241118181741,2025-02-01,2025-01-25,1.0,28,nitrate,3.058201572125269,3.058201572125269,0.6645235616918032,0,True,0.7075927323860906,0.7075927323860906,2.058201572125269,winter,2025,10–35 days,ordinary_result,unseen_in_model_fit,within_training_5th_95th_percentiles
241118181741,2025-03-01,2025-02-22,0.9,28,nitrate,2.8300000000000005,2.8300000000000005,0.6269567385360101,0,True,0.7010109170201599,0.7010109170201599,1.9300000000000006,spring,2025,10–35 days,ordinary_result,unseen_in_model_fit,within_training_5th_95th_percentiles
241118182150,2026-01-04,2025-12-28,0.3,93,nitrate,1.5,1.5,0.4510281920826692,0,True,0.653926467406664,0.653926467406664,1.2,winter,2026,61–120 days,ordinary_result,unseen_in_model_fit,within_training_5th_95th_percentiles
5303318,2025-10-11,2025-10-04,2.7,22,nitrate,1.0,1.0,0.1061880958755747,1,True,0.6151856390902336,0.6151856390902336,1.7000000000000002,autumn,2025,10–35 days,historical_tail_event,seen_in_model_fit,within_training_5th_95th_percentiles
241118180336,2026-01-03,2025-12-27,0.3,91,nitrate,1.3999999999999997,1.3999999999999997,0.4658437554069392,0,True,0.6131044728864088,0.6131044728864088,1.0999999999999996,winter,2026,61–120 days,ordinary_result,unseen_in_model_fit,within_training_5th_95th_percentiles
241118182520,2026-01-04,2025-12-28,0.2,93,nitrate,1.2,1.2,0.4071576080200161,0,True,0.6061358035703155,0.6061358035703155,1.0,winter,2026,61–120 days,ordinary_result,unseen_in_model_fit,outside_training_5th_95th_percentiles
241118182616,2025-02-28,2025-02-21,1.03,28,nitrate,2.5223571653084815,2.5223571653084815,0.6961232992744406,0,True,0.5510946216766712,0.5510946216766712,1.4923571653084815,winter,2025,10–35 days,ordinary_result,unseen_in_model_fit,within_training_5th_95th_percentiles
251221150343,2025-06-16,2025-06-09,0.26,120,salinity,0.1169812886336034,0.1330247722852228,0.3734798195908906,1,True,0.12048195246371743,0.10622087482712722,0.1430187113663966,summer,2025,61–120 days,historical_tail_event,seen_in_model_fit,outside_training_5th_95th_percentiles
251221150343,2025-02-16,2025-02-09,0.2,113,salinity,0.0985819853205764,0.1059708555226559,0.1556771593034693,1,True,0.08830131285330464,0.08159800528635001,0.10141801467942362,winter,2025,61–120 days,historical_tail_event,seen_in_model_fit,outside_training_5th_95th_percentiles
251221150008,2025-02-16,2025-02-09,0.16,113,salinity,0.0790847846085985,0.0849656481534817,0.1641693435986683,1,True,0.072306744905564,0.06687167931509586,0.08091521539140151,winter,2025,61–120 days,historical_tail_event,seen_in_model_fit,outside_training_5th_95th_percentiles
251221144813,2025-02-16,2025-02-09,0.18,113,salinity,0.0998906975979153,0.1159892343958603,0.1136540480899171,1,False,0.07030362943043568,0.055773221163674405,0.08010930240208469,winter,2025,61–120 days,historical_tail_event,seen_in_model_fit,outside_training_5th_95th_percentiles
251221150232,2025-02-16,2025-02-09,0.15,113,salinity,0.0737445059804091,0.087491352760859,0.026146544185875,1,False,0.06860986473743035,0.05588840991033739,0.07625549401959089,winter,2025,61–120 days,historical_tail_event,seen_in_model_fit,within_training_5th_95th_percentiles
251221150008,2025-06-16,2025-06-09,0.15,120,salinity,0.0780100165842867,0.0761335461482235,0.2096339957681737,1,True,0.06464517810936363,0.06638737481635798,0.07198998341571329,summer,2025,61–120 days,historical_tail_event,seen_in_model_fit,within_training_5th_95th_percentiles
251221154015,2025-09-07,2025-08-31,0.03,54,salinity,0.0930108631696862,0.03,0.4126606553628627,1,True,0.05937734575953854,0.0,0.0630108631696862,autumn,2025,36–60 days,historical_tail_event,unseen_in_model_fit,outside_training_5th_95th_percentiles
251221150928,2025-11-23,2025-11-16,0.06,94,salinity,0.1202775883288183,0.1149887891813083,0.1538235064989211,0,True,0.05530759319626171,0.050575442191647176,0.0602775883288183,autumn,2025,61–120 days,ordinary_result,seen_in_model_fit,within_training_5th_95th_percentiles
251221144813,2025-11-23,2025-11-16,0.06,94,salinity,0.1176833956867757,0.1098632108526391,0.1272400975771241,0,False,0.052989238388020256,0.04596786614030863,0.057683395686775704,autumn,2025,61–120 days,ordinary_result,seen_in_model_fit,within_training_5th_95th_percentiles
251221150343,2025-11-23,2025-11-16,0.08,94,salinity,0.1280087196226883,0.1024227653462097,0.2005031882245018,0,True,0.043492842071819,0.02054923064108577,0.04800871962268831,autumn,2025,61–120 days,ordinary_result,seen_in_model_fit,within_training_5th_95th_percentiles
