target,scenario,original_samples,excluded_samples,samples,sites,MAE_transformed,baseline_MAE_transformed,improvement_percent,source_MAE,source_bias,events,caught,missed,false_flags,recall,precision
alkalinity,all_test_observations,435,0,435,36,0.24906552295713333,0.268593773576137,7.270552239167263,31.9358482097262,-21.46412274054368,100,75,25,108,0.75,0.4098360655737705
alkalinity,exclude_ambiguous_site_labels,435,185,250,27,0.30559887042551903,0.33741653652200887,9.42978860030307,39.90606008108815,-27.496407723783435,61,46,15,61,0.7540983606557377,0.42990654205607476
alkalinity,exclude_protocol_formula_flags,435,0,435,36,0.24906552295713333,0.268593773576137,7.270552239167263,31.9358482097262,-21.46412274054368,100,75,25,108,0.75,0.4098360655737705
alkalinity,exclude_any_formula_difference,435,0,435,36,0.24906552295713333,0.268593773576137,7.270552239167263,31.9358482097262,-21.46412274054368,100,75,25,108,0.75,0.4098360655737705
alkalinity,reported_turbidity_meter_only,435,0,435,36,0.24906552295713333,0.268593773576137,7.270552239167263,31.9358482097262,-21.46412274054368,100,75,25,108,0.75,0.4098360655737705
alkalinity,combined_conservative_subset,435,185,250,27,0.30559887042551903,0.33741653652200887,9.42978860030307,39.90606008108815,-27.496407723783435,61,46,15,61,0.7540983606557377,0.42990654205607476
conductivity,all_test_observations,523,0,523,62,0.23775490063069465,0.21852320796692287,-8.800755234511668,54.841885291964424,-31.773606447394965,92,0,92,0,0.0,
conductivity,exclude_ambiguous_site_labels,523,141,382,54,0.21467506873694522,0.212246631430878,-1.1441582321922965,38.60041504058301,-13.1091703828591,56,0,56,0,0.0,
conductivity,exclude_protocol_formula_flags,523,0,523,62,0.23775490063069465,0.21852320796692287,-8.800755234511668,54.841885291964424,-31.773606447394965,92,0,92,0,0.0,
conductivity,exclude_any_formula_difference,523,0,523,62,0.23775490063069465,0.21852320796692287,-8.800755234511668,54.841885291964424,-31.773606447394965,92,0,92,0,0.0,
conductivity,reported_turbidity_meter_only,523,0,523,62,0.23775490063069465,0.21852320796692287,-8.800755234511668,54.841885291964424,-31.773606447394965,92,0,92,0,0.0,
conductivity,combined_conservative_subset,523,141,382,54,0.21467506873694522,0.212246631430878,-1.1441582321922965,38.60041504058301,-13.1091703828591,56,0,56,0,0.0,
dissolved_oxygen,all_test_observations,612,0,612,66,0.7133052791449361,0.9145945883047598,22.008583008666392,0.7133052791449361,0.051355584998503845,116,74,42,13,0.6379310344827587,0.8505747126436781
dissolved_oxygen,exclude_ambiguous_site_labels,612,184,428,57,0.7886236559315278,1.0236636493050044,22.96066618493801,0.7886236559315278,0.04426193023460494,97,66,31,12,0.6804123711340206,0.8461538461538461
dissolved_oxygen,exclude_protocol_formula_flags,612,0,612,66,0.7133052791449361,0.9145945883047598,22.008583008666392,0.7133052791449361,0.051355584998503845,116,74,42,13,0.6379310344827587,0.8505747126436781
dissolved_oxygen,exclude_any_formula_difference,612,0,612,66,0.7133052791449361,0.9145945883047598,22.008583008666392,0.7133052791449361,0.051355584998503845,116,74,42,13,0.6379310344827587,0.8505747126436781
dissolved_oxygen,reported_turbidity_meter_only,612,0,612,66,0.7133052791449361,0.9145945883047598,22.008583008666392,0.7133052791449361,0.051355584998503845,116,74,42,13,0.6379310344827587,0.8505747126436781
dissolved_oxygen,combined_conservative_subset,612,184,428,57,0.7886236559315278,1.0236636493050044,22.96066618493801,0.7886236559315278,0.04426193023460494,97,66,31,12,0.6804123711340206,0.8461538461538461
ecoli,all_test_observations,459,0,459,52,1.6058685663663683,1.882373624565446,14.689169811487883,167.17570364520682,-137.93588694103371,88,0,88,0,0.0,
ecoli,exclude_ambiguous_site_labels,459,111,348,44,1.610933153371622,1.6881848164151407,4.5760193014626545,189.88765540194004,-156.69216033555625,74,0,74,0,0.0,
ecoli,exclude_protocol_formula_flags,459,0,459,52,1.6058685663663683,1.882373624565446,14.689169811487883,167.17570364520682,-137.93588694103371,88,0,88,0,0.0,
ecoli,exclude_any_formula_difference,459,4,455,52,1.6012214910198594,1.8809113626478438,14.869912383019063,168.20145637897576,-138.88897489746876,88,0,88,0,0.0,
ecoli,reported_turbidity_meter_only,459,0,459,52,1.6058685663663683,1.882373624565446,14.689169811487883,167.17570364520682,-137.93588694103371,88,0,88,0,0.0,
ecoli,combined_conservative_subset,459,115,344,44,1.6048454762360393,1.6839927105863322,4.699974878319713,191.5084847649976,-158.17088159647494,74,0,74,0,0.0,
hardness,all_test_observations,428,0,428,36,0.21581570498734903,0.22387776042827465,3.6010970564932525,23.016572286343916,-14.278569364153435,89,68,21,170,0.7640449438202247,0.2857142857142857
hardness,exclude_ambiguous_site_labels,428,179,249,27,0.2742703813771822,0.29184107569160317,6.020637866956207,29.667622876007464,-19.98114387070989,52,41,11,88,0.7884615384615384,0.3178294573643411
hardness,exclude_protocol_formula_flags,428,0,428,36,0.21581570498734903,0.22387776042827465,3.6010970564932525,23.016572286343916,-14.278569364153435,89,68,21,170,0.7640449438202247,0.2857142857142857
hardness,exclude_any_formula_difference,428,0,428,36,0.21581570498734903,0.22387776042827465,3.6010970564932525,23.016572286343916,-14.278569364153435,89,68,21,170,0.7640449438202247,0.2857142857142857
hardness,reported_turbidity_meter_only,428,0,428,36,0.21581570498734903,0.22387776042827465,3.6010970564932525,23.016572286343916,-14.278569364153435,89,68,21,170,0.7640449438202247,0.2857142857142857
hardness,combined_conservative_subset,428,179,249,27,0.2742703813771822,0.29184107569160317,6.020637866956207,29.667622876007464,-19.98114387070989,52,41,11,88,0.7884615384615384,0.3178294573643411
nitrate,all_test_observations,187,0,187,24,0.18765117996388128,0.18765117996388128,0.0,0.44946573796075295,0.007776894706827842,19,18,1,161,0.9473684210526315,0.1005586592178771
nitrate,exclude_ambiguous_site_labels,187,0,187,24,0.18765117996388128,0.18765117996388128,0.0,0.44946573796075295,0.007776894706827842,19,18,1,161,0.9473684210526315,0.1005586592178771
nitrate,exclude_protocol_formula_flags,187,0,187,24,0.18765117996388128,0.18765117996388128,0.0,0.44946573796075295,0.007776894706827842,19,18,1,161,0.9473684210526315,0.1005586592178771
nitrate,exclude_any_formula_difference,187,0,187,24,0.18765117996388128,0.18765117996388128,0.0,0.44946573796075295,0.007776894706827842,19,18,1,161,0.9473684210526315,0.1005586592178771
nitrate,reported_turbidity_meter_only,187,0,187,24,0.18765117996388128,0.18765117996388128,0.0,0.44946573796075295,0.007776894706827842,19,18,1,161,0.9473684210526315,0.1005586592178771
nitrate,combined_conservative_subset,187,0,187,24,0.18765117996388128,0.18765117996388128,0.0,0.44946573796075295,0.007776894706827842,19,18,1,161,0.9473684210526315,0.1005586592178771
other_coliform,all_test_observations,164,0,164,31,1.0957575688266614,1.0957575688266614,0.0,2030.226707317073,270.395243902439,35,11,24,6,0.3142857142857143,0.6470588235294118
other_coliform,exclude_ambiguous_site_labels,164,15,149,26,1.134102672357217,1.134102672357217,0.0,2123.4262416107385,232.1427516778523,33,11,22,6,0.3333333333333333,0.6470588235294118
other_coliform,exclude_protocol_formula_flags,164,2,162,31,1.088210621124394,1.088210621124394,0.0,1960.8412345679014,276.81308641975306,34,11,23,6,0.3235294117647059,0.6470588235294118
other_coliform,exclude_any_formula_difference,164,2,162,31,1.088210621124394,1.088210621124394,0.0,1960.8412345679014,276.81308641975306,34,11,23,6,0.3235294117647059,0.6470588235294118
other_coliform,reported_turbidity_meter_only,164,0,164,31,1.0957575688266614,1.0957575688266614,0.0,2030.226707317073,270.395243902439,35,11,24,6,0.3142857142857143,0.6470588235294118
other_coliform,combined_conservative_subset,164,17,147,26,1.1263073300394877,1.1263073300394877,0.0,2048.2286394557823,238.69503401360544,32,11,21,6,0.34375,0.6470588235294118
oxygen_saturation,all_test_observations,612,0,612,66,6.259184791086202,5.9612346220636665,-4.998128540684597,6.259184791086202,-1.2712187638942547,107,85,22,20,0.794392523364486,0.8095238095238095
oxygen_saturation,exclude_ambiguous_site_labels,612,184,428,57,6.953474619202946,6.400361137564409,-8.64191050708458,6.953474619202946,-1.3518982643445179,97,76,21,19,0.7835051546391752,0.8
oxygen_saturation,exclude_protocol_formula_flags,612,0,612,66,6.259184791086202,5.9612346220636665,-4.998128540684597,6.259184791086202,-1.2712187638942547,107,85,22,20,0.794392523364486,0.8095238095238095
oxygen_saturation,exclude_any_formula_difference,612,0,612,66,6.259184791086202,5.9612346220636665,-4.998128540684597,6.259184791086202,-1.2712187638942547,107,85,22,20,0.794392523364486,0.8095238095238095
oxygen_saturation,reported_turbidity_meter_only,612,0,612,66,6.259184791086202,5.9612346220636665,-4.998128540684597,6.259184791086202,-1.2712187638942547,107,85,22,20,0.794392523364486,0.8095238095238095
oxygen_saturation,combined_conservative_subset,612,184,428,57,6.953474619202946,6.400361137564409,-8.64191050708458,6.953474619202946,-1.3518982643445179,97,76,21,19,0.7835051546391752,0.8
ph,all_test_observations,631,0,631,66,0.2583622820919176,0.2583622820919176,0.0,0.2583622820919176,0.007892234548335974,99,85,14,306,0.8585858585858586,0.21739130434782608
ph,exclude_ambiguous_site_labels,631,197,434,57,0.26365576036866356,0.26365576036866356,0.0,0.26365576036866356,0.014930875576036865,60,53,7,199,0.8833333333333333,0.21031746031746032
ph,exclude_protocol_formula_flags,631,0,631,66,0.2583622820919176,0.2583622820919176,0.0,0.2583622820919176,0.007892234548335974,99,85,14,306,0.8585858585858586,0.21739130434782608
ph,exclude_any_formula_difference,631,0,631,66,0.2583622820919176,0.2583622820919176,0.0,0.2583622820919176,0.007892234548335974,99,85,14,306,0.8585858585858586,0.21739130434782608
ph,reported_turbidity_meter_only,631,0,631,66,0.2583622820919176,0.2583622820919176,0.0,0.2583622820919176,0.007892234548335974,99,85,14,306,0.8585858585858586,0.21739130434782608
ph,combined_conservative_subset,631,197,434,57,0.26365576036866356,0.26365576036866356,0.0,0.26365576036866356,0.014930875576036865,60,53,7,199,0.8833333333333333,0.21031746031746032
salinity,all_test_observations,33,0,33,13,0.03649306405986961,0.02946737897398745,-23.84224634326703,0.040703049984625886,-0.009991874341865709,11,7,4,9,0.6363636363636364,0.4375
salinity,exclude_ambiguous_site_labels,33,0,33,13,0.03649306405986961,0.02946737897398745,-23.84224634326703,0.040703049984625886,-0.009991874341865709,11,7,4,9,0.6363636363636364,0.4375
salinity,exclude_protocol_formula_flags,33,0,33,13,0.03649306405986961,0.02946737897398745,-23.84224634326703,0.040703049984625886,-0.009991874341865709,11,7,4,9,0.6363636363636364,0.4375
salinity,exclude_any_formula_difference,33,0,33,13,0.03649306405986961,0.02946737897398745,-23.84224634326703,0.040703049984625886,-0.009991874341865709,11,7,4,9,0.6363636363636364,0.4375
salinity,reported_turbidity_meter_only,33,0,33,13,0.03649306405986961,0.02946737897398745,-23.84224634326703,0.040703049984625886,-0.009991874341865709,11,7,4,9,0.6363636363636364,0.4375
salinity,combined_conservative_subset,33,0,33,13,0.03649306405986961,0.02946737897398745,-23.84224634326703,0.040703049984625886,-0.009991874341865709,11,7,4,9,0.6363636363636364,0.4375
turbidity_legacy,all_test_observations,412,0,412,32,0.3828458348519596,0.3828458348519596,0.0,4.408571042010369,-3.973922872063038,115,93,22,124,0.808695652173913,0.42857142857142855
turbidity_legacy,exclude_ambiguous_site_labels,412,190,222,23,0.24687327151451063,0.24687327151451063,0.0,5.220177829823047,-4.485605550461336,55,46,9,67,0.8363636363636363,0.40707964601769914
turbidity_legacy,exclude_protocol_formula_flags,412,0,412,32,0.3828458348519596,0.3828458348519596,0.0,4.408571042010369,-3.973922872063038,115,93,22,124,0.808695652173913,0.42857142857142855
turbidity_legacy,exclude_any_formula_difference,412,0,412,32,0.3828458348519596,0.3828458348519596,0.0,4.408571042010369,-3.973922872063038,115,93,22,124,0.808695652173913,0.42857142857142855
turbidity_legacy,reported_turbidity_meter_only,412,0,412,32,0.3828458348519596,0.3828458348519596,0.0,4.408571042010369,-3.973922872063038,115,93,22,124,0.808695652173913,0.42857142857142855
turbidity_legacy,combined_conservative_subset,412,190,222,23,0.24687327151451063,0.24687327151451063,0.0,5.220177829823047,-4.485605550461336,55,46,9,67,0.8363636363636363,0.40707964601769914
turbidity_reported,all_test_observations,310,0,310,48,0.4814724525976326,0.4814724525976326,0.0,7.255755696963094,-3.4269811395164718,57,32,25,38,0.5614035087719298,0.45714285714285713
turbidity_reported,exclude_ambiguous_site_labels,310,10,300,45,0.48788696182456637,0.48788696182456637,0.0,7.231011679816754,-3.3278163845454656,56,32,24,37,0.5714285714285714,0.463768115942029
turbidity_reported,exclude_protocol_formula_flags,310,0,310,48,0.4814724525976326,0.4814724525976326,0.0,7.255755696963094,-3.4269811395164718,57,32,25,38,0.5614035087719298,0.45714285714285713
turbidity_reported,exclude_any_formula_difference,310,0,310,48,0.4814724525976326,0.4814724525976326,0.0,7.255755696963094,-3.4269811395164718,57,32,25,38,0.5614035087719298,0.45714285714285713
turbidity_reported,reported_turbidity_meter_only,310,165,145,20,0.7458013314537595,0.7458013314537595,0.0,10.495193085776911,-2.877448647610634,32,11,21,13,0.34375,0.4583333333333333
turbidity_reported,combined_conservative_subset,310,165,145,20,0.7458013314537595,0.7458013314537595,0.0,10.495193085776911,-2.877448647610634,32,11,21,13,0.34375,0.4583333333333333
water_temperature,all_test_observations,634,0,634,66,1.460656105695105,2.2535176622580013,35.183285662312365,1.460656105695105,-0.056684451156974514,100,83,17,39,0.83,0.680327868852459
water_temperature,exclude_ambiguous_site_labels,634,197,437,57,1.5613160374096637,2.515407830346618,37.92990470278858,1.5613160374096637,0.08341639785213507,80,68,12,26,0.85,0.723404255319149
water_temperature,exclude_protocol_formula_flags,634,0,634,66,1.460656105695105,2.2535176622580013,35.183285662312365,1.460656105695105,-0.056684451156974514,100,83,17,39,0.83,0.680327868852459
water_temperature,exclude_any_formula_difference,634,0,634,66,1.460656105695105,2.2535176622580013,35.183285662312365,1.460656105695105,-0.056684451156974514,100,83,17,39,0.83,0.680327868852459
water_temperature,reported_turbidity_meter_only,634,0,634,66,1.460656105695105,2.2535176622580013,35.183285662312365,1.460656105695105,-0.056684451156974514,100,83,17,39,0.83,0.680327868852459
water_temperature,combined_conservative_subset,634,197,437,57,1.5613160374096637,2.515407830346618,37.92990470278858,1.5613160374096637,0.08341639785213507,80,68,12,26,0.85,0.723404255319149
